,FAM_N,DIRECCION,PADRE,MADRE,F,M,NINOS,MAYORES
465,662,17 DE MARZO,1,1,4,1,3,0
466,663,17 DE MARZO,1,1,2,4,4,0
467,664,17 DE MARZO,1,1,2,4,3,0
468,665,17 DE MARZO,1,1,5,5,8,0
469,666,17 DE MARZO,0,1,3,4,3,0
409,732,7 DE ENERO,1,1,8,2,7,0
410,733,7 DE ENERO,1,1,3,2,3,0
411,734,7 DE ENERO,1,1,4,5,7,0
412,735,7 DE ENERO,1,1,2,3,3,0
413,736,7 DE ENERO,0,1,3,3,4,0
361,678,REPUBLICA DEMOCRATICA ALEMANA,1,1,3,5,4,0
362,679,REPUBLICA DEMOCRATICA ALEMANA,0,1,4,3,4,0
363,680,REPUBLICA DEMOCRATICA ALEMANA,1,1,3,3,4,0
364,681,REPUBLICA DEMOCRATICA ALEMANA,1,1,4,2,3,0
365,682,REPUBLICA DEMOCRATICA ALEMANA,0,1,5,3,5,0
504,9,ALTO PROGRESO,1,1,4,4,5,0
461,250,ALTOS DE MANUEL,0,1,1,3,2,0
462,251,ALTOS DE MANUEL,0,1,2,2,3,0
449,774,AMPLIACION 8B,1,1,4,2,3,0
380,697,AMPLIACION PACIFICO 1,1,1,3,2,1,1
381,698,AMPLIACION PACIFICO 1,1,1,2,3,2,0
382,699,AMPLIACION PACIFICO 1,0,1,4,0,3,0
383,700,AMPLIACION PACIFICO 1,1,1,4,2,3,0
384,701,AMPLIACION PACIFICO 1,0,1,4,1,3,0
501,6,AMPUACION MINAS,1,1,3,3,4,0
192,279,BELLAVISTA 1,1,1,3,1,2,0
193,280,BELLAVISTA 1,1,1,3,2,3,0
194,281,BELLAVISTA 1,1,1,3,5,5,0
195,282,BELLAVISTA 1,0,1,2,0,0,0
196,283,BELLAVISTA 1,1,1,4,1,3,0
298,397,BUENOS AIRES,1,1,3,4,5,0
299,398,BUENOS AIRES,0,1,3,1,3,0
300,399,BUENOS AIRES,0,1,2,2,3,0
301,400,BUENOS AIRES,0,1,4,2,4,0
353,670,C 16,1,1,4,3,5,0
354,671,C 16,0,1,4,0,3,0
355,672,C 16,1,1,4,3,5,0
420,743,C16 LA NUEVA JUVENTUD,1,1,1,5,4,0
424,747,C16 LA NUEVA JUVENTUD,0,1,3,3,5,0
425,748,C16 LA NUEVA JUVENTUD,0,1,2,3,3,0
426,749,C16 LA NUEVA JUVENTUD,0,1,4,1,4,0
541,170,CASA HUERTA,0,1,2,2,2,0
542,171,CASA HUERTA,1,1,4,1,2,0
543,172,CASA HUERTA,1,1,4,1,3,0
544,173,CASA HUERTA,1,1,3,2,2,0
545,174,CASA HUERTA,1,1,3,1,2,0
546,175,CASA HUERTA,0,1,3,3,4,0
547,176,CASA HUERTA,0,1,4,3,6,0
548,177,CASA HUERTA,0,1,3,1,3,0
549,178,CASA HUERTA,0,1,2,3,4,0
550,179,CASA HUERTA,1,1,1,4,3,0
551,180,CASA HUERTA,0,1,1,0,0,0
552,181,CASA HUERTA,1,1,1,2,1,0
553,182,CASA HUERTA,1,1,1,4,3,0
554,183,CASA HUERTA,0,1,1,2,0,0
555,189,CASA HUERTA,1,1,2,3,2,0
455,647,CERRO AZUL - NUEVA RINCONADA,0,1,3,2,3,0
456,648,CERRO AZUL - NUEVA RINCONADA,1,1,3,1,2,0
457,649,CERRO AZUL - NUEVA RINCONADA,1,1,4,2,4,0
458,650,CERRO AZUL - NUEVA RINCONADA,1,1,1,3,2,0
459,651,CERRO AZUL - NUEVA RINCONADA,0,1,3,2,4,0
460,652,CERRO AZUL - NUEVA RINCONADA,1,1,2,1,1,0
500,5,CERRO VERDE,0,1,5,3,6,0
213,300,COMEDOR CORAZON DE JESUS,0,1,1,1,1,0
214,301,COMEDOR CORAZON DE JESUS,0,1,1,0,0,0
215,302,COMEDOR CORAZON DE JESUS,0,1,2,2,3,0
216,303,COMEDOR CORAZON DE JESUS,1,0,1,4,4,0
217,304,COMEDOR CORAZON DE JESUS,1,1,3,3,4,0
218,305,COMEDOR CORAZON DE JESUS,0,1,1,4,4,0
219,306,COMEDOR CORAZON DE JESUS,0,1,1,2,2,0
220,307,COMEDOR CORAZON DE JESUS,0,1,3,2,4,0
221,308,COMEDOR CORAZON DE JESUS,0,1,3,1,3,0
222,309,COMEDOR CORAZON DE JESUS,0,1,3,1,3,0
223,310,COMEDOR CORAZON DE JESUS,0,1,6,0,5,0
127,184,COMEDOR: CRUZ DE MOTUPE,0,1,4,0,3,0
128,185,COMEDOR: CRUZ DE MOTUPE,1,1,2,2,2,0
129,186,COMEDOR: CRUZ DE MOTUPE,1,1,3,2,2,0
130,187,COMEDOR: CRUZ DE MOTUPE,1,1,1,4,2,0
131,188,COMEDOR: CRUZ DE MOTUPE,1,1,3,2,3,0
346,658,CRUZ DE MAYO,1,1,3,1,2,0
348,660,CRUZ DE MAYO,1,1,2,3,3,0
349,661,CRUZ DE MAYO,1,1,4,2,3,0
319,624,EL NAZARENO,0,1,3,0,2,0
320,625,EL NAZARENO,0,1,2,4,5,0
321,626,EL NAZARENO,0,1,3,2,4,0
322,627,EL NAZARENO,0,1,4,2,5,0
323,628,EL NAZARENO,0,1,1,2,2,0
324,629,EL NAZARENO,0,1,4,3,6,0
325,630,EL NAZARENO,0,1,4,2,5,0
389,706,EL PACIFICIO II ETAPA,1,1,3,2,3,0
385,702,EL PACIFICO II ETAPA,1,1,4,2,4,0
386,703,EL PACIFICO II ETAPA,1,1,3,2,3,0
387,704,EL PACIFICO II ETAPA,1,1,4,2,3,0
388,705,EL PACIFICO II ETAPA,0,1,5,1,5,0
350,667,EL PORUENIR,1,1,3,4,5,0
351,668,EL PORUENIR,0,1,3,3,5,0
352,669,EL PORUENIR,0,1,4,2,5,0
436,760,EL TREBOL SANTA TERESITA NIO JESUS,1,0,4,1,4,0
437,761,EL TREBOL SANTA TERESITA NIO JESUS,1,0,1,3,3,0
438,762,EL TREBOL SANTA TERESITA NIO JESUS,1,1,1,6,4,1
439,763,EL TREBOL SANTA TERESITA NIO JESUS,0,1,2,2,3,0
440,764,EL TREBOL SANTA TERESITA NIO JESUS,1,1,4,1,3,0
508,13,EMILLO PONCE HUANAY,1,1,5,2,3,0
510,618,FRONTERAS UNIDAS,0,1,2,2,3,0
511,619,FRONTERAS UNIDAS,0,1,4,1,4,0
512,620,FRONTERAS UNIDAS,0,1,2,1,2,0
513,621,FRONTERAS UNIDAS,0,1,3,2,4,0
514,622,FRONTERAS UNIDAS,0,1,1,1,1,0
515,623,FRONTERAS UNIDAS,0,1,2,2,3,0
333,638,GARDENIAS,0,1,3,1,3,0
334,639,GARDENIAS,0,1,2,2,3,0
335,640,GARDENIAS,0,1,3,2,3,0
336,641,GARDENIAS,0,1,3,1,3,0
337,642,GARDENIAS,0,1,3,3,5,0
338,644,GARDENIAS,1,1,,,,
339,645,GARDENIAS,0,1,2,2,2,0
340,646,GARDENIAS,0,1,3,2,3,0
61,88,GIRASOLES ALTO,0,1,4,1,2,0
62,89,GIRASOLES ALTO,0,1,2,0,1,0
63,90,GIRASOLES ALTO,1,1,4,2,4,0
64,91,GIRASOLES ALTO,1,1,2,2,2,0
65,92,GIRASOLES ALTO,1,1,2,3,3,0
66,93,GIRASOLES ALTO,1,1,3,2,2,0
119,156,GIRASOLES PARTE BAJA,0,1,5,1,5,0
120,157,GIRASOLES PARTE BAJA,1,1,2,4,4,0
121,158,GIRASOLES PARTE BAJA,1,1,1,1,0,0
122,159,GIRASOLES PARTE BAJA,0,1,1,2,2,0
123,160,GIRASOLES PARTE BAJA,1,1,3,2,3,0
124,161,GIRASOLES PARTE BAJA,1,1,3,3,3,0
125,162,GIRASOLES PARTE BAJA,0,1,4,1,4,0
126,163,GIRASOLES PARTE BAJA,0,1,1,2,2,0
276,375,INDOAMERICA,1,1,4,3,4,0
277,376,INDOAMERICA,0,1,2,3,4,0
278,377,INDOAMERICA,1,1,2,6,6,0
279,378,INDOAMERICA,1,0,2,4,5,0
280,379,INDOAMERICA,1,0,1,2,1,0
367,684,JAVIER HERAU,0,1,2,2,2,0
6,32,LA CUMBRE,1,1,3,2,3,0
7,33,LA CUMBRE,1,1,2,2,2,0
8,34,LA CUMBRE,1,1,2,3,3,0
9,35,LA CUMBRE,1,1,4,1,3,0
10,36,LA CUMBRE,0,1,3,1,2,0
11,37,LA CUMBRE,1,1,1,3,2,0
12,38,LA CUMBRE,0,1,2,1,2,0
13,39,LA CUMBRE,1,1,1,3,2,0
166,242,LA MERCED,1,1,4,3,4,1
395,711,LA NUEVA AMPLEACION PACIFICO,1,1,3,6,7,0
396,712,LA NUEVA AMPLEACION PACIFICO,1,1,3,2,3,0
397,713,LA NUEVA AMPLEACION PACIFICO,0,1,2,1,2,0
398,714,LA NUEVA AMPLEACION PACIFICO,1,1,2,5,4,0
132,197,LA RINCONADA,0,1,3,3,3,2
133,198,LA RINCONADA,0,1,4,1,4,0
134,199,LA RINCONADA,0,1,3,2,3,1
135,200,LA RINCONADA,1,1,3,3,3,1
136,201,LA RINCONADA,0,1,2,2,2,0
427,750,LA RINCONADA,0,1,5,0,2,0
428,751,LA RINCONADA,0,1,4,2,4,0
429,752,LA RINCONADA,0,1,3,0,2,0
430,753,LA RINCONADA,1,1,3,3,4,0
431,754,LA RINCONADA,1,1,4,4,5,0
447,772,LA RINCONADA,1,1,2,4,3,0
77,114,LADERAS DE STA CRUZ,1,1,3,2,3,0
78,115,LADERAS DE STA CRUZ,1,1,1,3,2,0
79,116,LADERAS DE STA CRUZ,0,1,2,2,2,0
80,117,LADERAS DE STA CRUZ,1,1,4,1,3,0
81,118,LADERAS DE STA CRUZ,1,1,1,2,1,0
83,120,LADERAS DE STA CRUZ,0,1,2,0,0,1
159,235,LADREAS DE VILLA,1,1,4,3,3,0
161,237,LADREAS DE VILLA,1,1,3,3,4,0
162,238,LADREAS DE VILLA,1,1,3,3,1,2
163,239,LADREAS DE VILLA,1,1,3,2,2,0
164,240,LADREAS DE VILLA,1,1,4,2,3,0
165,241,LADREAS DE VILLA,0,1,1,4,4,0
302,601,LADREAS DE VILLA,1,1,3,2,3,0
303,602,LADREAS DE VILLA,0,1,5,1,5,0
304,603,LADREAS DE VILLA,1,1,3,3,2,1
305,604,LADREAS DE VILLA,1,1,5,2,5,0
306,605,LADREAS DE VILLA,1,1,1,5,3,0
177,264,LAS AMERICAS,1,1,1,2,1,0
178,265,LAS AMERICAS,1,1,3,2,3,0
179,266,LAS AMERICAS,0,1,2,0,0,0
180,267,LAS AMERICAS,1,1,2,5,5,0
181,268,LAS AMERICAS,0,1,2,0,1,0
182,269,LAS AMERICAS,0,1,2,0,0,0
183,270,LAS AMERICAS,0,1,1,0,0,0
399,715,LAS MORAS ZONAC,1,1,2,3,2,0
400,716,LAS MORAS ZONAC,1,1,3,2,2,0
401,717,LAS MORAS ZONAC,1,1,3,2,3,0
402,718,LAS MORAS ZONAC,0,1,2,4,5,0
403,719,LAS MORAS ZONAC,0,1,2,2,3,0
441,765,LAS PRADERAS,0,1,4,2,3,0
442,766,LAS PRADERAS,1,1,1,1,0,0
443,767,LAS PRADERAS,0,1,4,0,2,0
444,768,LAS PRADERAS,0,1,3,2,3,0
445,769,LAS PRADERAS,0,1,3,2,4,0
453,778,LAS PRADERAS,0,1,1,3,3,0
14,40,LAS ROCAS,1,1,1,2,0,0
15,41,LAS ROCAS,0,1,1,2,2,0
16,42,LAS ROCAS,1,1,2,1,1,0
17,43,LAS ROCAS,0,1,2,2,3,0
18,44,LAS ROCAS,1,1,2,3,3,0
19,45,LAS ROCAS,0,1,1,1,0,0
232,320,LAS ROCAS,0,1,3,1,1,0
233,321,LAS ROCAS,1,1,1,3,2,0
234,322,LAS ROCAS,1,1,3,3,4,0
235,323,LAS ROCAS,0,1,1,1,1,0
236,324,LAS ROCAS,1,1,1,2,1,0
237,325,LAS ROCAS,1,1,1,3,2,0
238,326,LAS ROCAS,1,1,3,2,3,0
30,56,LAS TERRAZAS,0,1,6,0,4,0
31,57,LAS TERRAZAS,0,1,1,1,0,0
32,58,LAS TERRAZAS,0,1,3,1,3,0
33,59,LAS TERRAZAS,1,1,4,4,4,0
34,60,LAS TERRAZAS,1,1,1,4,3,0
35,61,LAS TERRAZAS,1,1,5,1,2,0
36,62,LAS TERRAZAS,1,1,1,3,0,0
37,63,LAS TERRAZAS,0,1,6,0,3,1
38,64,LAS TERRAZAS,1,1,4,1,2,0
39,65,LAS TERRAZAS,1,1,3,3,4,0
197,284,LAS TORRES,1,1,2,3,3,0
198,285,LAS TORRES,1,1,2,3,3,0
199,286,LAS TORRES,1,1,4,1,3,0
200,287,LAS TORRES,1,1,2,4,4,0
201,288,LAS TORRES,1,1,2,3,3,0
202,289,LAS TORRES,0,1,1,1,1,0
204,291,LAS TORRES,1,1,3,2,3,0
205,292,LAS TORRES,1,1,3,1,2,0
206,293,LAS TORRES,1,1,4,2,4,0
255,353,LAS TORRES,1,1,3,3,4,0
257,355,LAS TORRES,0,1,2,0,0,0
258,356,LAS TORRES,0,1,1,0,0,0
263,360,LAS TORRES,1,1,1,5,4,0
171,258,LAS VIOLETAS,1,1,4,1,3,0
172,259,LAS VIOLETAS,1,1,3,2,3,0
173,260,LAS VIOLETAS,1,1,2,1,1,0
174,261,LAS VIOLETAS,1,1,2,2,2,0
175,262,LAS VIOLETAS,1,0,0,2,1,0
176,263,LAS VIOLETAS,0,1,1,0,0,0
470,94,LOMAS DE MINAS,0,1,4,2,4,0
471,95,LOMAS DE MINAS,1,1,2,2,2,0
472,96,LOMAS DE MINAS,1,1,2,2,2,0
473,97,LOMAS DE MINAS,1,1,4,1,3,0
474,98,LOMAS DE MINAS,1,1,1,3,2,0
475,99,LOMAS DE MINAS,1,1,2,3,3,0
476,100,LOMAS DE MINAS,1,1,4,2,4,0
477,101,LOMAS DE MINAS,1,1,3,2,3,0
478,102,LOMAS DE MINAS,0,1,2,1,2,0
479,103,LOMAS DE MINAS,1,1,1,4,2,0
499,4,LOMAS DE MINAS,0,1,3,2,3,0
40,66,LOS INDUSTRIALES,1,1,1,5,4,0
41,67,LOS INDUSTRIALES,0,1,3,1,3,0
42,68,LOS INDUSTRIALES,1,0,1,3,2,0
43,69,LOS INDUSTRIALES,1,1,3,3,4,0
262,759,LOS JARDINES,0,1,,,,
421,744,LOS JARDINES,0,1,4,2,5,0
422,745,LOS JARDINES,1,1,3,4,5,0
423,746,LOS JARDINES,0,1,3,3,5,0
432,755,LOS JARDINES,1,1,3,2,2,0
433,756,LOS JARDINES,0,1,5,1,4,0
434,757,LOS JARDINES,0,1,2,0,1,0
435,758,LOS JARDINES,0,1,4,2,2,1
450,775,LOS JARDINES,0,1,3,4,6,0
106,143,LOS PEDREGALES 2000,1,1,2,3,1,0
107,144,LOS PEDREGALES 2000,1,1,1,3,1,0
108,145,LOS PEDREGALES 2000,1,1,4,5,4,0
109,146,LOS PEDREGALES 2000,0,1,2,3,2,1
110,147,LOS PEDREGALES 2000,1,1,3,2,2,1
390,707,LOS PINOS 2,0,1,2,2,2,0
391,708,LOS PINOS 2,1,1,1,5,3,0
392,709,LOS PINOS 2,1,1,2,3,3,0
393,710,LOS PINOS 2,0,1,2,0,1,0
248,346,LOS PORTALES,1,1,3,3,3,0
249,347,LOS PORTALES,0,1,2,1,2,0
250,348,LOS PORTALES,1,1,2,3,1,0
251,349,LOS PORTALES,0,1,4,2,3,2
252,350,LOS PORTALES,1,1,3,2,2,0
253,351,LOS PORTALES,0,1,2,0,1,0
254,352,LOS PORTALES,1,1,1,1,0,0
82,119,LOS ROSALES,0,1,3,3,5,0
84,121,LOS ROSALES,1,1,2,2,2,0
85,122,LOS ROSALES,1,1,5,2,4,0
86,123,LOS ROSALES,1,1,3,3,4,0
87,124,LOS ROSALES,1,1,3,3,4,0
88,125,LOS ROSALES,1,1,4,6,8,0
89,126,LOS ROSALES,1,1,1,3,2,0
90,127,LOS ROSALES,1,1,1,1,0,0
91,128,LOS ROSALES,1,1,6,1,5,0
92,129,LOS ROSALES,1,1,2,2,2,0
93,130,LOS ROSALES,1,1,1,1,0,0
94,131,LOS ROSALES,0,1,2,4,5,0
556,190,LOS SAUCES,1,1,5,1,3,0
557,191,LOS SAUCES,1,1,2,4,2,0
558,192,LOS SAUCES,1,1,3,1,2,0
559,193,LOS SAUCES,1,0,0,1,0,0
560,194,LOS SAUCES,1,1,3,1,2,0
561,195,LOS SAUCES,0,1,2,2,3,0
562,196,LOS SAUCES,1,1,2,2,2,0
404,720,LOS VENCEDORES DE LA RINCONADA,0,1,2,2,3,0
405,721,LOS VENCEDORES DE LA RINCONADA,0,1,3,3,5,0
406,722,LOS VENCEDORES DE LA RINCONADA,0,1,6,0,5,0
407,723,LOS VENCEDORES DE LA RINCONADA,1,1,4,2,4,0
408,724,LOS VENCEDORES DE LA RINCONADA,1,1,3,2,3,0
527,230,MANUEL SCORZA,1,1,1,1,0,0
528,231,MANUEL SCORZA,1,1,3,2,1,2
530,232,MANUEL SCORZA,1,1,1,3,2,0
259,357,MANUEL SCORZA,1,1,2,2,2,0
307,606,MANUEL SCORZA,1,1,1,2,1,0
308,607,MANUEL SCORZA,0,1,3,0,1,1
309,608,MANUEL SCORZA,1,1,1,2,1,0
310,609,MANUEL SCORZA,1,1,2,1,1,0
311,610,MANUEL SCORZA,1,1,1,2,0,0
522,225,MANUEL SCORZA,1,1,3,1,2,0
523,226,MANUEL SCORZA,1,1,1,3,2,0
524,227,MANUEL SCORZA,0,1,2,0,1,0
525,228,MANUEL SCORZA,1,1,1,1,0,0
526,229,MANUEL SCORZA,1,1,5,3,6,0
529,233,MANUEL SCORZA,1,1,1,4,3,0
394,771,MARIA ARGUEDAS,0,1,,,,
496,1,MINAS 2000,1,1,6,2,2,0
498,3,MINAS 2000,0,1,1,2,1,0
502,7,MINAS 2000,1,1,1,1,0,0
506,11,MINAS 2000,1,1,2,4,4,0
507,12,MINAS 2000,1,1,2,2,2,0
516,15,MINAS 2000,1,1,1,4,4,0
517,16,MINAS 2000,1,0,4,3,1,0
518,17,MINAS 2000,0,1,2,2,3,0
519,18,MINAS 2000,1,1,2,2,1,0
520,19,MINAS 2000,1,1,3,3,2,0
521,20,MINAS 2000,0,1,3,0,1,0
95,132,MONTE DE ISRAEL,0,1,1,3,3,0
96,133,MONTE DE ISRAEL,1,1,1,4,3,0
97,134,MONTE DE ISRAEL,1,1,1,2,1,0
98,135,MONTE DE ISRAEL,0,1,3,1,3,0
99,136,MONTE DE ISRAEL,0,1,1,0,0,0
326,631,NADINE HEREDIA,0,1,3,1,3,0
327,632,NADINE HEREDIA,0,1,6,1,6,0
328,633,NADINE HEREDIA,0,1,6,1,6,0
329,634,NADINE HEREDIA,0,1,2,3,4,0
330,635,NADINE HEREDIA,0,1,1,2,0,0
331,636,NADINE HEREDIA,0,1,7,1,6,0
332,637,NADINE HEREDIA,1,1,5,3,6,0
531,327,NUEVA ALBORADA,0,1,3,3,3,0
532,328,NUEVA ALBORADA,0,1,3,0,2,0
533,329,NUEVA ALBORADA,0,1,3,0,0,0
534,330,NUEVA ALBORADA,1,0,0,2,1,0
535,331,NUEVA ALBORADA,1,1,3,1,2,0
536,332,NUEVA ALBORADA,1,1,1,3,2,0
537,333,NUEVA ALBORADA,1,1,3,2,2,0
538,334,NUEVA ALBORADA,1,1,3,2,3,0
539,335,NUEVA ALBORADA,1,1,2,3,3,0
540,336,NUEVA ALBORADA,0,1,2,0,1,0
356,673,NUEVA GENERACION,1,1,4,2,4,0
67,104,NUEVA GENERACION,0,1,2,2,0,0
68,105,NUEVA GENERACION,0,1,1,2,1,0
69,106,NUEVA GENERACION,0,1,2,1,2,0
70,107,NUEVA GENERACION,1,1,4,3,4,1
341,653,NUEVA JERUSALEN,1,1,4,1,3,0
342,654,NUEVA JERUSALEN,0,1,1,1,0,0
343,655,NUEVA JERUSALEN,0,1,2,1,0,0
344,656,NUEVA JERUSALEN,1,1,1,2,1,0
345,657,NUEVA JERUSALEN,1,1,1,2,1,0
480,164,NUEVA RINCONADA,0,1,2,0,1,0
481,165,NUEVA RINCONADA,1,1,2,2,2,0
482,166,NUEVA RINCONADA,1,1,3,1,2,0
483,167,NUEVA RINCONADA,1,1,2,1,1,0
484,168,NUEVA RINCONADA,0,1,2,1,2,0
485,169,NUEVA RINCONADA,0,1,1,1,1,0
148,215,NUEVO MILENIO,1,1,3,2,2,1
149,216,NUEVO MILENIO,1,1,3,2,3,0
150,217,NUEVO MILENIO,0,1,3,1,3,0
151,218,NUEVO MILENIO,1,1,2,2,2,0
152,219,NUEVO MILENIO,1,1,3,4,5,0
154,220,NUEVO MILENIO,1,1,5,2,4,0
155,221,NUEVO MILENIO,1,1,2,3,3,0
156,222,NUEVO MILENIO,1,1,4,3,5,0
157,223,NUEVO MILENIO,0,1,3,0,2,0
158,224,NUEVO MILENIO,1,1,4,3,5,0
147,214,ORGANIZACION TERRAZAS,1,1,4,3,5,0
486,234,OTRO CASO,0,1,3,0,2,0
487,794,OTRO CASO,1,1,2,2,2,0
488,795,OTRO CASO,0,1,2,3,3,0
489,796,OTRO CASO,0,1,2,4,5,0
490,797,OTRO CASO,0,1,1,0,0,0
491,798,OTRO CASO,1,1,2,2,0,0
492,799,OTRO CASO,1,1,3,1,2,0
493,800,OTRO CASO,0,1,2,0,0,1
563,793,OTRO CASO,1,1,3,3,2,0
564,790,OTRO CASO,1,0,2,1,0,0
565,791,OTRO CASO,0,1,2,4,5,0
566,792,OTRO CASO,0,1,5,4,3,0
370,687,PACIFICO I,0,1,5,1,5,0
371,688,PACIFICO I,0,1,3,3,5,0
372,689,PACIFICO I,1,1,7,4,8,0
373,690,PACIFICO I,1,1,3,3,3,0
374,691,PACIFICO I,1,1,4,3,5,0
357,674,PAMPAS DE SAN JUAN,1,1,2,2,1,0
358,675,PAMPAS DE SAN JUAN,1,1,3,3,4,0
359,676,PAMPAS DE SAN JUAN,0,1,2,3,4,0
360,677,PAMPAS DE SAN JUAN,0,1,2,1,2,0
0,26,PARCELA 23A,0,1,3,1,2,0
1,27,PARCELA 23A,1,1,3,2,2,1
2,28,PARCELA 23A,1,1,4,1,3,0
3,29,PARCELA 23A,1,1,2,4,3,0
4,30,PARCELA 23A,1,1,2,5,5,0
5,31,PARCELA 23A,0,1,2,1,2,0
314,613,PARCELA 23A,1,1,3,3,4,0
375,692,PATRON SANTIAGO,1,1,4,4,6,0
376,693,PATRON SANTIAGO,0,1,3,2,4,0
377,694,PATRON SANTIAGO,0,1,3,0,2,0
378,695,PATRON SANTIAGO,1,1,2,4,4,0
379,696,PATRON SANTIAGO,0,1,4,2,4,0
53,80,PORTADA DEL SOL,0,1,1,0,0,0
54,81,PORTADA DEL SOL,1,1,2,2,2,0
55,82,PORTADA DEL SOL,0,1,3,2,3,0
56,83,PORTADA DEL SOL,0,1,3,0,1,1
57,84,PORTADA DEL SOL,0,1,1,1,1,0
58,85,PORTADA DEL SOL,0,1,2,1,2,0
59,86,PORTADA DEL SOL,0,1,2,1,1,0
60,87,PORTADA DEL SOL,1,1,3,2,3,0
271,370,PRIMERO DE JUNIO,0,1,2,3,4,0
272,371,PRIMERO DE JUNIO,0,1,3,1,3,0
273,372,PRIMERO DE JUNIO,0,1,3,2,4,0
274,373,PRIMERO DE JUNIO,0,1,1,2,2,0
275,374,PRIMERO DE JUNIO,0,1,5,0,4,0
316,615,PROGRAMA MUNICIPAL DE V. UNICA,0,1,1,0,0,0
317,616,PROGRAMA MUNICIPAL DE V. UNICA,0,1,1,0,0,0
318,617,PROGRAMA MUNICIPAL DE V. UNICA,0,1,1,0,0,0
291,390,PROGRAMA MUNICIPAL DE V. UNICA,0,1,2,2,3,0
292,391,PROGRAMA MUNICIPAL DE V. UNICA,1,0,2,3,3,0
293,392,PROGRAMA MUNICIPAL DE V. UNICA,1,1,1,5,4,0
294,393,PROGRAMA MUNICIPAL DE V. UNICA,1,1,3,3,4,0
295,394,PROGRAMA MUNICIPAL DE V. UNICA,1,0,5,2,5,0
296,395,PROGRAMA MUNICIPAL DE V. UNICA,0,1,2,2,3,0
297,396,PROGRAMA MUNICIPAL DE V. UNICA,1,1,3,2,3,0
366,683,REPUBLICA DEMOCRATICA ALEMANA,0,1,1,3,2,0
368,685,REPUBLICA DEMOCRATICA ALEMANA,0,1,2,0,1,0
369,686,REPUBLICA DEMOCRATICA ALEMANA,1,1,2,3,2,0
256,354,REPUBLICA AMPLEACION ALEMANA,1,1,1,3,2,0
260,358,REPUBLICA AMPLEACION ALEMANA,1,1,3,2,3,0
261,359,REPUBLICA AMPLEACION ALEMANA,1,1,1,6,4,0
286,385,REPUBLICA AMPLEACION ALEMANA,0,1,1,0,0,0
287,386,REPUBLICA AMPLEACION ALEMANA,0,1,1,0,0,0
288,387,REPUBLICA AMPLEACION ALEMANA,1,1,3,3,4,0
289,388,REPUBLICA AMPLEACION ALEMANA,0,1,4,1,4,0
290,389,REPUBLICA AMPLEACION ALEMANA,1,0,0,6,4,0
494,361,REPUBLICA DEMOCRATICA ALEMANA,1,1,1,6,5,0
495,362,REPUBLICA DEMOCRATICA ALEMANA,1,1,3,1,2,0
415,738,ROSAS DE SAN JUAN,0,1,1,1,1,0
416,739,ROSAS DE SAN JUAN,1,1,4,1,2,0
417,740,ROSAS DE SAN JUAN,1,1,2,2,1,0
418,741,ROSAS DE SAN JUAN,1,1,2,2,2,0
419,742,ROSAS DE SAN JUAN,1,1,4,2,1,1
281,380,SANTA URSULA,0,1,2,0,1,0
282,381,SANTA URSULA,1,1,2,2,1,0
283,382,SANTA URSULA,0,1,2,2,3,0
284,383,SANTA URSULA,1,1,5,2,2,0
244,342,SENOR DE LOS MILAGROS,0,1,1,4,4,0
245,343,SENOR DE LOS MILAGROS,1,1,1,1,0,0
246,344,SENOR DE LOS MILAGROS,0,1,3,1,3,0
247,345,SENOR DE LOS MILAGROS,1,1,2,4,4,0
100,137,SENOR DE LOS MILAGROS,1,1,5,1,3,0
101,138,SENOR DE LOS MILAGROS,1,1,2,4,4,0
102,139,SENOR DE LOS MILAGROS,0,1,2,1,2,0
103,140,SENOR DE LOS MILAGROS,0,1,3,2,3,0
104,141,SENOR DE LOS MILAGROS,0,1,3,0,2,0
105,142,SENOR DE LOS MILAGROS,1,1,3,2,3,0
44,71,SENOR DE QOYLLOR RITTY,1,1,1,4,2,0
45,72,SENOR DE QOYLLOR RITTY,1,1,4,3,3,0
46,73,SENOR DE QOYLLOR RITTY,1,1,4,1,2,0
47,74,SENOR DE QOYLLOR RITTY,1,1,1,5,4,0
48,75,SENOR DE QOYLLOR RITTY,0,1,5,0,4,0
49,76,SENOR DE QOYLLOR RITTY,1,1,3,1,2,0
50,77,SENOR DE QOYLLOR RITTY,0,1,1,0,0,0
51,78,SENOR DE QOYLLOR RITTY,1,1,3,1,2,0
52,79,SENOR DE QOYLLOR RITTY,0,1,2,2,2,0
167,254,STA ROSA AUTOGESTIONARIA,1,1,2,2,2,0
168,255,STA ROSA AUTOGESTIONARIA,0,1,2,2,2,0
169,256,STA ROSA AUTOGESTIONARIA,0,1,2,2,3,0
170,257,STA ROSA AUTOGESTIONARIA,1,1,3,3,3,1
448,773,TIHUINSA,1,1,2,3,3,0
497,2,TOMAS DE MINAS,1,1,1,3,2,0
505,10,TOMAS DE MINAS,1,1,2,4,4,0
312,611,UNION SANTA FE,0,1,2,3,4,0
313,612,UNION SANTA FE,0,1,3,1,2,0
315,614,UNION SANTA FE,1,0,1,4,4,0
463,252,UNION Y PAZ,0,1,3,0,2,0
464,253,UNION Y PAZ,0,1,2,2,3,0
160,236,URANMARCA,1,1,2,5,2,0
239,337,URANMARCA,0,1,1,2,0,0
240,338,URANMARCA,1,0,2,1,2,0
241,339,URANMARCA,0,1,3,0,2,0
242,340,URANMARCA,0,1,4,1,4,0
243,341,URANMARCA,0,1,2,0,1,0
264,363,URANMARCA,0,1,1,3,1,0
265,364,URANMARCA,0,1,3,2,3,0
266,365,URANMARCA,0,1,2,0,1,0
267,366,URANMARCA,0,1,1,2,2,0
268,367,URANMARCA,0,1,2,1,0,1
269,368,URANMARCA,0,1,3,0,2,0
270,369,URANMARCA,0,1,2,3,3,0
285,384,URANMARCA,0,1,2,2,0,1
509,14,VALLE 2000,1,1,2,3,3,0
111,148,VILLA HORIZONTE,1,1,2,4,3,0
112,149,VILLA HORIZONTE,1,1,3,2,2,0
113,150,VILLA HORIZONTE,1,1,1,4,2,0
114,151,VILLA HORIZONTE,1,1,1,1,0,0
115,152,VILLA HORIZONTE,0,1,4,1,3,1
116,153,VILLA HORIZONTE,0,1,2,2,2,0
117,154,VILLA HORIZONTE,1,1,4,3,5,0
118,155,VILLA HORIZONTE,1,1,3,2,3,0
71,108,VILLA LAS TUNAS,0,1,3,2,3,0
72,109,VILLA LAS TUNAS,1,0,1,1,1,0
73,110,VILLA LAS TUNAS,1,1,4,3,5,0
74,111,VILLA LAS TUNAS,1,1,2,3,2,1
75,112,VILLA LAS TUNAS,0,1,3,4,4,0
76,113,VILLA LAS TUNAS,1,1,2,2,2,0
137,202,VILLA SAN JUAN,1,1,1,1,0,0
138,203,VILLA SAN JUAN,0,1,4,0,3,0
139,204,VILLA SAN JUAN,1,1,3,4,5,0
140,205,VILLA SAN JUAN,1,1,2,2,2,0
141,206,VILLA SAN JUAN,0,1,3,1,3,0
142,207,VILLA SAN JUAN,0,1,2,2,3,0
143,208,VILLA SAN JUAN,1,1,2,2,2,0
144,209,VILLA SAN JUAN,0,1,2,1,2,0
145,210,VILLA SAN JUAN,0,1,3,0,2,0
146,212,VILLA SAN JUAN,0,1,1,1,1,0
153,219,VILLA SAN JUAN,1,1,3,4,5,0
207,294,VILLA SAN JUAN II,1,1,1,3,2,0
208,295,VILLA SAN JUAN II,0,1,2,2,3,0
209,296,VILLA SAN JUAN II,0,1,2,1,1,0
210,297,VILLA SAN JUAN II,0,1,2,1,1,0
211,298,VILLA SAN JUAN II,0,1,1,2,2,0
212,299,VILLA SAN JUAN II,0,1,2,2,3,0
20,46,VILLA SOL ALTA,0,1,2,0,1,0
21,47,VILLA SOL ALTA,0,1,2,0,0,1
22,48,VILLA SOL ALTA,1,1,1,2,1,0
23,49,VILLA SOL ALTA,0,1,2,0,1,0
24,50,VILLA SOL ALTA,1,0,1,2,0,0
25,51,VILLA SOL ALTA,1,0,0,1,0,0
26,52,VILLA SOL ALTA,0,1,2,4,5,0
27,53,VILLA SOL ALTA,0,1,1,2,1,0
28,54,VILLA SOL ALTA,0,1,2,1,2,0
29,55,VILLA SOL ALTA,0,1,2,3,4,0
224,311,VILLA SOL PARTE BAJA,0,1,2,1,1,0
225,312,VILLA SOL PARTE BAJA,1,1,3,2,2,0
226,313,VILLA SOL PARTE BAJA,0,1,2,1,2,0
227,314,VILLA SOL PARTE BAJA,1,1,4,1,3,0
228,315,VILLA SOL PARTE BAJA,0,1,1,0,0,0
229,316,VILLA SOL PARTE BAJA,0,1,3,2,1,0
230,317,VILLA SOL PARTE BAJA,1,1,3,2,3,0
231,318,VILLA SOL PARTE BAJA,1,1,5,1,3,0
414,737,VILLA SOL PARTE BAJA,1,1,3,3,3,0
203,290,VILLA VICENCIO,1,1,3,2,3,0
451,776,VIRGEN DEL BUEN PASO,0,1,3,0,2,0
446,770,VIRGEN DEL CARMEN,1,1,3,2,3,0
452,777,VIRGEN DEL CARMEN,0,1,2,2,2,0
454,779,VIRGEN DEL CARMEN,0,1,2,1,2,0
184,271,VISTA ALEGRE,1,1,3,2,2,0
185,272,VISTA ALEGRE,0,1,4,0,3,0
186,273,VISTA ALEGRE,1,1,3,1,2,0
187,274,VISTA ALEGRE,1,1,3,3,2,1
188,275,VISTA ALEGRE,1,1,4,2,2,0
189,276,VISTA ALEGRE,0,1,3,0,2,0
190,277,VISTA ALEGRE,0,1,4,4,7,0
191,278,VISTA ALEGRE,1,1,2,2,2,0