,FAM_N,internet,agua,banco,iglesia,dejar_hijos,cuantas_personas,tiempo_casa,primer_hijo,cuantas_trabajan,tiempo_trabajan,pierden_colegio,ingreso,bautizadas,DIRECCION,PADRE,MADRE,F,M,NINOS,MAYORES
0,792,1,0,1,0,0,8,50,20,3,0.5,,2000,6,OTRO CASO,0,1,5,4,3,0
1,791,0,1,1,0,1,10,20,19,2,1,,2000,10,OTRO CASO,0,1,2,4,5,0
2,790,1,1,1,1,,3,15,,1,1.5,,1800,3,OTRO CASO,1,0,2,1,0,0
3,793,0,1,1,1,1,6,0.3,21,3,1.5,,1200,3,OTRO CASO,1,1,3,3,2,0
4,234,0,1,0,1,1,3,18,21,1,1,,400,2,OTRO CASO,0,1,3,0,2,0
5,794,0,0,0,1,0,4,3,20,1,2,2,900,0,OTRO CASO,1,1,2,2,2,0
6,795,0,1,0,1,1,5,4,18,1,1,3,400,2,OTRO CASO,0,1,2,3,3,0
7,796,0,1,0,1,1,6,18,17,1,1,2,500,4,OTRO CASO,0,1,2,4,5,0
8,797,0,1,0,0,,1,18,25,,,,,1,OTRO CASO,0,1,1,0,0,0
9,798,0,1,0,1,,4,30,22,1,2,,600,4,OTRO CASO,1,1,2,2,0,0
10,799,0,1,0,1,0,4,2,19,2,1,,700,,OTRO CASO,1,1,3,1,2,0
11,800,0,1,0,1,,1,1,,1,,,300,1,OTRO CASO,0,1,2,0,0,1
12,225,0,1,0,1,0,8,25,18,1,2.5,0,800,8,MANUEL SCORZA,1,1,3,1,2,0
13,226,0,1,0,1,0,6,19,17,1,3,0,800,6,MANUEL SCORZA,1,1,1,3,2,0
14,227,0,1,0,1,0,3,25,33,1,2,0,800,3,MANUEL SCORZA,0,1,2,0,1,0
15,228,0,1,0,1,0,3,27,20,2,1,,,3,MANUEL SCORZA,1,1,1,1,0,0
16,229,0,1,0,1,0,11,29,18,2,1.5,,1500,2,MANUEL SCORZA,1,1,5,3,6,0
17,230,0,1,0,1,,2,30,,,,,250,2,MANUEL SCORZA,1,1,1,1,0,0
18,231,0,1,0,1,0,5,30,18,1,,,,5,MANUEL SCORZA,1,1,3,2,1,2
19,232,0,1,0,1,0,8,44,25,1,,,500,4,MANUEL SCORZA,1,1,1,3,2,0
20,233,0,1,0,1,0,7,30,29,1,,,800,5,MANUEL SCORZA,1,1,1,4,3,0
21,1,,,,,,8,18,27,2,1,2,900,,MINAS 2000,1,1,6,2,2,0
22,2,0,1,0,1,1,4,15,25,1,1,10,400,,TOMAS DE MINAS,1,1,1,3,2,0
23,3,1,1,0,1,0,3,18,19,1,,,500,2,MINAS 2000,0,1,1,2,1,0
24,4,0,1,0,1,0,5,13,20,,,,,,LOMAS DE MINAS,0,1,3,2,3,0
25,5,0,0,1,0,1,8,3,17,1,,1,930,3,CERRO VERDE,0,1,5,3,6,0
26,6,0,1,0,0,1,6,,,1,,,930,0,AMPUACION MINAS,1,1,3,3,4,0
27,7,1,1,0,1,0,7,,,1,1,,600,0,MINAS 2000,1,1,1,1,0,0
28,,0,1,0,1,1,3,15,20,1,1,4,400,2,,,,,,,
29,9,1,1,0,1,0,8,15,22,2,2,1,800,1,ALTO PROGRESO,1,1,4,4,5,0
30,10,0,1,0,1,0,6,10,20,1,1.5,,700,,TOMAS DE MINAS,1,1,2,4,4,0
31,11,0,1,0,0,1,6,13,20,1,3,10,800,,MINAS 2000,1,1,2,4,4,0
32,12,1,1,0,0,1,4,10,21,2,1,2,900,4,MINAS 2000,1,1,2,2,2,0
33,13,0,1,1,0,1,7,12,17,2,2,3,,,EMILLO PONCE HUANAY,1,1,5,2,3,0
34,14,0,1,0,0,1,5,10,,1,1,2,,,VALLE 2000,1,1,2,3,3,0
35,15,0,1,0,1,1,6,17,25,1,2,5,,2,MINAS 2000,1,1,1,4,4,0
36,16,0,1,1,0,0,7,15,25,2,1,2,900,2,MINAS 2000,1,0,4,3,1,0
37,17,0,1,0,1,1,4,10,18,1,1,5,500,,MINAS 2000,0,1,2,2,3,0
38,18,0,1,1,1,0,4,10,,1,1,1.5,850,,MINAS 2000,1,1,2,2,1,0
39,19,0,1,0,1,0,6,13,,4,1,,,,MINAS 2000,1,1,3,3,2,0
40,20,0,1,0,1,0,3,18,23,1,0.5,1,600,2,MINAS 2000,0,1,3,0,1,0
41,94,0,0,0,1,1,7,12,23,3,1,0,680,4,LOMAS DE MINAS,0,1,4,2,4,0
42,95,0,1,0,1,0,4,13,23,1,0,,500,3,LOMAS DE MINAS,1,1,2,2,2,0
43,96,0,1,0,1,0,4,10,19,1,0,2,550,2,LOMAS DE MINAS,1,1,2,2,2,0
44,97,0,1,0,1,0,5,9,23,1,0,0,700,4,LOMAS DE MINAS,1,1,4,1,3,0
45,98,0,1,0,1,0,4,18,20,1,1,2,550,1,LOMAS DE MINAS,1,1,1,3,2,0
46,99,0,0,0,1,0,5,10,29,1,,,,4,LOMAS DE MINAS,1,1,2,3,3,0
47,100,0,1,0,0,0,6,18,19,1,0,5,520,1,LOMAS DE MINAS,1,1,4,2,4,0
48,101,0,1,0,1,1,5,18,18,1,2,0,650,3,LOMAS DE MINAS,1,1,3,2,3,0
49,102,0,1,0,0,1,2,18,20,3,1,0,600,1,LOMAS DE MINAS,0,1,2,1,2,0
50,103,0,1,0,1,0,5,18,20,2,1,0,650,2,LOMAS DE MINAS,1,1,1,4,2,0
51,164,1,1,0,1,0,3,18,20,1,2.5,1,950,,NUEVA RINCONADA,0,1,2,0,1,0
52,165,0,1,0,1,1,4,18,24,1,2,8,950,,NUEVA RINCONADA,1,1,2,2,2,0
53,166,0,1,0,1,1,4,18,22,1,2,2,850,2,NUEVA RINCONADA,1,1,3,1,2,0
54,167,1,1,0,1,0,4,18,32,1,2.5,,950,3,NUEVA RINCONADA,1,1,2,1,1,0
55,168,0,1,0,1,0,4,18,,1,1,,850,,NUEVA RINCONADA,0,1,2,1,2,0
56,169,1,1,0,,1,2,18,23,1,,2,850,,NUEVA RINCONADA,0,1,1,1,1,0
57,662,0,1,0,1,1,5,5,22,1,2,10,1400,0,17 DE MARZO,1,1,4,1,3,0
58,663,0,1,0,1,0,6,5,21,1,,3,,1,17 DE MARZO,1,1,2,4,4,0
59,664,0,1,0,1,0,6,5,17,1,3,,,3,17 DE MARZO,1,1,2,4,3,0
60,665,0,1,0,1,0,10,5,19,1,3,,200,2,17 DE MARZO,1,1,5,5,8,0
61,666,0,1,0,1,0,4,3,24,1,2,,200,,17 DE MARZO,0,1,3,4,3,0
62,250,0,1,0,1,1,4,33,23,2,1,2,500,4,ALTOS DE MANUEL,0,1,1,3,2,0
63,251,0,1,0,1,1,4,30,18,1,1,2,500,2,ALTOS DE MANUEL,0,1,2,2,3,0
64,252,0,0,0,1,1,3,6,31,1,1,0,700,3,UNION Y PAZ,0,1,3,0,2,0
65,253,0,0,0,1,1,4,25,37,2,1,0,600,4,UNION Y PAZ,0,1,2,2,3,0
66,647,0,1,0,1,0,5,2,23,1,1.5,,750,2,CERRO AZUL - NUEVA RINCONADA,0,1,3,2,3,0
67,648,0,0,0,1,0,4,3,23,1,2,1,750,2,CERRO AZUL - NUEVA RINCONADA,1,1,3,1,2,0
68,649,0,0,0,1,1,6,2,18,7,1.5,,750,5,CERRO AZUL - NUEVA RINCONADA,1,1,4,2,4,0
69,650,0,0,0,1,0,4,3,17,1,3,,1000,2,CERRO AZUL - NUEVA RINCONADA,1,1,1,3,2,0
70,651,0,0,0,1,1,5,4,20,0,,3,0,1,CERRO AZUL - NUEVA RINCONADA,0,1,3,2,4,0
71,652,0,0,0,1,0,3,5,25,1,0.5,,500,2,CERRO AZUL - NUEVA RINCONADA,1,1,2,1,1,0
72,618,0,1,0,0,1,4,7,23,,,3,,1,FRONTERAS UNIDAS,0,1,2,2,3,0
73,619,0,0,0,0,1,6,5,19,,,3,,1,FRONTERAS UNIDAS,0,1,4,1,4,0
74,620,0,0,0,1,0,4,7,25,,,2,,2,FRONTERAS UNIDAS,0,1,2,1,2,0
75,621,0,0,0,0,0,7,7,15,,,2,,0,FRONTERAS UNIDAS,0,1,3,2,4,0
76,622,0,0,0,1,0,4,3,17,,,,,2,FRONTERAS UNIDAS,0,1,1,1,1,0
77,623,0,1,0,1,0,5,7,20,,,5,,3,FRONTERAS UNIDAS,0,1,2,2,3,0
78,189,0,1,0,1,1,4,20,19,1,1,2,650,1,CASA HUERTA,1,1,2,3,2,0
79,190,0,1,0,1,1,5,20,20,1,0.7,2,750,4,LOS SAUCES,1,1,5,1,3,0
80,191,0,0,0,1,1,6,15,18,1,0.5,1,650,2,LOS SAUCES,1,1,2,4,2,0
81,192,0,1,0,1,1,4,8,26,1,1,0,700,0,LOS SAUCES,1,1,3,1,2,0
82,193,0,0,0,1,0,1,30,0,1,0.5,0,400,1,LOS SAUCES,1,0,0,1,0,0
83,194,0,1,0,1,1,4,20,21,1,1,2,650,0,LOS SAUCES,1,1,3,1,2,0
84,195,0,0,0,1,1,4,18,17,1,1,3,700,0,LOS SAUCES,0,1,2,2,3,0
85,196,0,0,0,1,1,3,18,26,1,0.5,2,650,3,LOS SAUCES,1,1,2,2,2,0
86,361,0,1,0,1,0,7,11,20,1,,1.5,,5,REPUBLICA DEMOCRATICA ALEMANA,1,1,1,6,5,0
87,362,0,1,0,1,0,4,4,15,1,,,,,REPUBLICA DEMOCRATICA ALEMANA,1,1,3,1,2,0
88,327,1,1,0,0,0,6,6,19,2,1,1,800,5,NUEVA ALBORADA,0,1,3,3,3,0
89,328,1,1,0,1,1,3,4,25,1,1.5,4,700,0,NUEVA ALBORADA,0,1,3,0,2,0
90,329,0,0,0,1,0,5,4,17,2,1,,800,2,NUEVA ALBORADA,0,1,3,0,0,0
91,330,1,0,0,1,0,3,1,25,1,,,1000,,NUEVA ALBORADA,1,0,0,2,1,0
92,331,1,1,0,1,0,4,6,18,2,2,2,1000,1,NUEVA ALBORADA,1,1,3,1,2,0
93,332,1,1,0,1,0,5,6,28,1,1.5,1,1200,2,NUEVA ALBORADA,1,1,1,3,2,0
94,333,1,1,0,0,1,5,6,20,2,2,2,1000,,NUEVA ALBORADA,1,1,3,2,2,0
95,334,0,1,0,0,1,5,3,23,1,1.5,,1200,1,NUEVA ALBORADA,1,1,3,2,3,0
96,335,1,1,0,0,1,5,5,17,2,1.5,2,900,0,NUEVA ALBORADA,1,1,2,3,3,0
97,336,0,1,0,1,0,2,5,34,1,0.5,2,500,1,NUEVA ALBORADA,0,1,2,0,1,0
98,170,0,0,0,1,0,4,11,18,2,1,2,800,3,CASA HUERTA,0,1,2,2,2,0
99,171,0,0,0,1,1,5,18,25,2,,,200,4,CASA HUERTA,1,1,4,1,2,0
100,172,0,0,0,1,0,6,20,18,1,0.6,1,220,,CASA HUERTA,1,1,4,1,3,0
101,173,0,0,0,1,1,6,20,18,1,1,,,6,CASA HUERTA,1,1,3,2,2,0
102,174,0,1,0,1,1,4,6,23,1,1,,200,3,CASA HUERTA,1,1,3,1,2,0
103,175,0,0,0,1,0,7,22,21,1,1,,100,1,CASA HUERTA,0,1,3,3,4,0
104,176,0,0,0,1,1,7,14,17,,,3,,,CASA HUERTA,0,1,4,3,6,0
105,177,0,0,0,1,1,5,,,1,0.6,,200,,CASA HUERTA,0,1,3,1,3,0
106,178,0,0,0,0,0,4,15,,1,,,,,CASA HUERTA,0,1,2,3,4,0
107,179,0,0,0,1,1,7,14,23,1,0.6,,,,CASA HUERTA,1,1,1,4,3,0
108,180,0,,0,0,1,7,20,20,,,,,5,CASA HUERTA,0,1,1,0,0,0
109,181,0,1,0,1,0,3,16,20,0,,,,3,CASA HUERTA,1,1,1,2,1,0
110,182,0,0,0,1,0,6,19,16,1,,,300,3,CASA HUERTA,1,1,1,4,3,0
111,183,0,1,0,1,0,3,22,21,2,,,2080,,CASA HUERTA,0,1,1,2,0,0
112,750,0,1,0,1,1,12,30,24,2,1,2,800,5,LA RINCONADA,0,1,5,0,2,0
113,751,0,1,0,1,1,7,28,18,2,2,1,900,1,LA RINCONADA,0,1,4,2,4,0
114,752,0,1,0,0,1,3,3,2,1,2,3,930,3,LA RINCONADA,0,1,3,0,2,0
115,753,0,1,0,1,1,12,28,25,2,0.3,2,800,1,LA RINCONADA,1,1,3,3,4,0
116,754,0,1,0,1,1,15,10,21,1,0.5,3,800,0,LA RINCONADA,1,1,4,4,5,0
117,40,0,1,0,0,0,5,18,20,1,2.5,,800,2,LAS ROCAS,1,1,1,2,0,0
118,41,0,0,0,1,0,5,3,17,2,1.5,6,1000,1,LAS ROCAS,0,1,1,2,2,0
119,42,1,0,0,1,1,5,4,25,1,1,4,930,3,LAS ROCAS,1,1,2,1,1,0
120,43,0,0,0,1,1,4,3,23,1,0.4,3,500,2,LAS ROCAS,0,1,2,2,3,0
121,44,1,0,0,1,0,5,18,23,1,2,,900,,LAS ROCAS,1,1,2,3,3,0
122,45,0,1,0,0,1,4,3,20,2,0.5,10,600,3,LAS ROCAS,0,1,1,1,0,0
123,32,0,1,0,1,0,6,18,18,2,0.5,0,,6,LA CUMBRE,1,1,3,2,3,0
124,33,0,1,0,1,0,4,18,30,1,2,3,800,4,LA CUMBRE,1,1,2,2,2,0
125,34,0,1,0,1,0,5,18,16,1,0.5,2,,5,LA CUMBRE,1,1,2,3,3,0
126,35,0,1,0,1,0,5,18,17,1,2,4,,5,LA CUMBRE,1,1,4,1,3,0
127,36,0,1,0,1,0,4,18,17,1,2,1,,4,LA CUMBRE,0,1,3,1,2,0
128,37,0,1,0,1,0,4,18,19,1,2,3,,4,LA CUMBRE,1,1,1,3,2,0
129,38,0,1,0,1,0,1,18,18,1,2,1,,3,LA CUMBRE,0,1,2,1,2,0
130,39,0,1,0,1,0,4,18,19,1,1,4,,4,LA CUMBRE,1,1,1,3,2,0
131,214,0,0,0,0,1,7,9,27,1,1,7,600,0,ORGANIZACION TERRAZAS,1,1,4,3,5,0
132,108,0,1,0,1,1,5,18,18,1,2,3,800,3,VILLA LAS TUNAS,0,1,3,2,3,0
133,109,0,1,0,1,0,2,18,,,,,65,2,VILLA LAS TUNAS,1,0,1,1,1,0
134,110,0,1,0,1,0,7,18,22,1,1,3,7500,3,VILLA LAS TUNAS,1,1,4,3,5,0
135,111,0,1,0,1,1,4,18,20,1,0.5,2,800,4,VILLA LAS TUNAS,1,1,2,3,2,1
136,112,0,1,0,1,1,7,18,23,1,3,2,850,5,VILLA LAS TUNAS,0,1,3,4,4,0
137,113,0,1,0,1,1,5,18,25,1,1,3,850,4,VILLA LAS TUNAS,1,1,2,2,2,0
138,744,0,1,0,1,1,6,18,20,1,0.6,2,500,3,LOS JARDINES,0,1,4,2,5,0
139,745,0,1,0,1,0,7,10,19,1,1,7,450,3,LOS JARDINES,1,1,3,4,5,0
140,746,0,1,0,1,0,6,18,14,1,0.1,7,320,4,LOS JARDINES,0,1,3,3,5,0
141,775,0,1,0,1,0,7,6,15,1,0.1,5,360,6,LOS JARDINES,0,1,3,4,6,0
142,119,1,1,0,0,1,7,16,17,1,1.5,2,500,2,LOS ROSALES,0,1,3,3,5,0
143,121,1,1,0,0,1,5,18,19,2,0,2,800,2,LOS ROSALES,1,1,2,2,2,0
144,122,1,1,0,1,1,7,14,20,1,0,1,900,2,LOS ROSALES,1,1,5,2,4,0
145,123,1,1,0,1,1,6,18,22,1,1.5,2,900,2,LOS ROSALES,1,1,3,3,4,0
146,124,1,1,0,1,1,8,18,18,2,1,2,1000,7,LOS ROSALES,1,1,3,3,4,0
147,125,1,1,0,1,1,11,18,24,2,2,3,1000,5,LOS ROSALES,1,1,4,6,8,0
148,126,1,1,0,0,0,4,9,27,1,1,1,8500,7,LOS ROSALES,1,1,1,3,2,0
149,127,1,1,0,1,,3,18,24,1,1,,900,3,LOS ROSALES,1,1,1,1,0,0
150,128,0,1,0,1,1,7,6,16,2,1,4,1000,,LOS ROSALES,1,1,6,1,5,0
151,129,1,1,0,0,1,3,10,24,1,1,1,600,1,LOS ROSALES,1,1,2,2,2,0
152,130,,1,0,0,,2,18,,,,,,,LOS ROSALES,1,1,1,1,0,0
153,131,0,1,1,1,1,6,0.2,15,1,1.5,6,600,0,LOS ROSALES,0,1,2,4,5,0
154,755,0,0,0,1,0,6,18,17,3,,,950,3,LOS JARDINES,1,1,3,2,2,0
155,756,0,0,0,1,1,5,32,20,2,1,0,950,3,LOS JARDINES,0,1,5,1,4,0
156,757,0,0,0,1,1,3,24,25,0,0,0,,2,LOS JARDINES,0,1,2,0,1,0
157,758,0,0,0,1,0,5,24,21,2,1.5,0,950,4,LOS JARDINES,0,1,4,2,2,1
158,759,0,0,0,1,0,5,24,22,1,1,0,850,,LOS JARDINES,0,1,,,,
159,300,0,1,0,0,0,3,1,20,,,,400,2,COMEDOR CORAZON DE JESUS,0,1,1,1,1,0
160,301,0,1,1,1,,1,18,28,1,2,,300,1,COMEDOR CORAZON DE JESUS,0,1,1,0,0,0
161,302,0,1,0,1,1,4,18,28,1,2,1,800,0,COMEDOR CORAZON DE JESUS,0,1,2,2,3,0
162,303,0,1,0,1,1,7,18,20,3,1,4,800,6,COMEDOR CORAZON DE JESUS,1,0,1,4,4,0
163,304,1,1,0,1,1,6,18,16,1,1,,800,5,COMEDOR CORAZON DE JESUS,1,1,3,3,4,0
164,305,0,1,0,1,1,5,18,22,1,1,5,400,4,COMEDOR CORAZON DE JESUS,0,1,1,4,4,0
165,306,0,1,0,0,1,5,18,23,,,4,350,3,COMEDOR CORAZON DE JESUS,0,1,1,2,2,0
166,307,1,1,1,1,1,5,18,17,1,1,7,600,4,COMEDOR CORAZON DE JESUS,0,1,3,2,4,0
167,308,0,1,1,1,1,4,18,22,1,2,2,500,4,COMEDOR CORAZON DE JESUS,0,1,3,1,3,0
168,309,0,1,0,1,1,4,18,21,1,2,3,600,4,COMEDOR CORAZON DE JESUS,0,1,3,1,3,0
169,310,0,1,0,1,0,8,18,16,1,1,,800,2,COMEDOR CORAZON DE JESUS,0,1,6,0,5,0
170,311,0,1,0,1,0,3,18,18,1,,,700,3,VILLA SOL PARTE BAJA,0,1,2,1,1,0
171,312,0,,0,1,1,5,18,22,2,,,,5,VILLA SOL PARTE BAJA,1,1,3,2,2,0
172,313,0,1,1,1,1,4,10,18,1,2,0,850,2,VILLA SOL PARTE BAJA,0,1,2,1,2,0
173,314,0,1,0,1,1,5,2,22,2,0.5,2,750,2,VILLA SOL PARTE BAJA,1,1,4,1,3,0
174,315,0,1,0,1,0,1,18,20,1,1,,750,1,VILLA SOL PARTE BAJA,0,1,1,0,0,0
175,316,0,1,0,1,1,5,13,,2,1,3,700,3,VILLA SOL PARTE BAJA,0,1,3,2,1,0
176,317,0,1,0,1,0,5,16,18,1,1,0,800,4,VILLA SOL PARTE BAJA,1,1,3,2,3,0
177,318,0,1,0,1,0,6,16,24,1,1,0,800,4,VILLA SOL PARTE BAJA,1,1,5,1,3,0
178,737,0,1,0,0,0,6,3,18,1,0,1,300,0,VILLA SOL PARTE BAJA,1,1,3,3,3,0
179,738,0,1,0,0,0,2,5,18,1,0.6,0,500,1,ROSAS DE SAN JUAN,0,1,1,1,1,0
180,739,0,1,0,0,0,5,3,24,1,2,2,500,3,ROSAS DE SAN JUAN,1,1,4,1,2,0
181,740,0,1,0,1,0,4,6,19,1,2,0,200,3,ROSAS DE SAN JUAN,1,1,2,2,1,0
182,741,0,1,0,1,0,4,6,26,1,1,2,400,2,ROSAS DE SAN JUAN,1,1,2,2,2,0
183,742,0,1,0,1,0,6,6,17,1,2,3,500,4,ROSAS DE SAN JUAN,1,1,4,2,1,1
184,670,0,1,0,1,0,7,14,25,1,1.5,1,950,2,C 16,1,1,4,3,5,0
185,671,0,1,0,1,0,4,10,25,1,1.5,0,850,1,C 16,0,1,4,0,3,0
186,672,0,1,0,1,0,7,18,19,1,2,,1000,2,C 16,1,1,4,3,5,0
187,202,0,1,0,1,0,2,5,22,1,1,,500,2,VILLA SAN JUAN,1,1,1,1,0,0
188,203,0,1,0,0,1,4,17,20,1,1.5,1,400,2,VILLA SAN JUAN,0,1,4,0,3,0
189,204,0,1,0,1,1,7,7,19,2,0.5,2,1200,4,VILLA SAN JUAN,1,1,3,4,5,0
190,205,0,1,0,1,0,4,16,18,1,0.2,,400,2,VILLA SAN JUAN,1,1,2,2,2,0
191,206,0,1,1,1,1,4,18,15,1,,,200,1,VILLA SAN JUAN,0,1,3,1,3,0
192,207,0,1,0,,0,4,12,24,1,,2,300,3,VILLA SAN JUAN,0,1,2,2,3,0
193,208,0,1,0,1,0,4,18,28,1,1,,400,3,VILLA SAN JUAN,1,1,2,2,2,0
194,209,0,1,0,1,0,5,18,13,3,1,,200,2,VILLA SAN JUAN,0,1,2,1,2,0
195,210,0,1,0,1,0,4,14,18,1,0.5,2,300,2,VILLA SAN JUAN,0,1,3,0,2,0
196,212,,1,0,1,0,2,,,1,,,400,1,VILLA SAN JUAN,0,1,1,1,1,0
197,219,0,1,0,1,0,5,17,20,1,0.5,,700,4,NUEVO MILENIO,1,1,3,4,5,0
198,219,0,1,0,1,0,5,17,20,1,0.5,,700,4,VILLA SAN JUAN,1,1,3,4,5,0
199,219,0,1,0,1,0,4,2,35,1,0.5,12,400,2,NUEVO MILENIO,1,1,3,4,5,0
200,219,0,1,0,1,0,4,2,35,1,0.5,12,400,2,VILLA SAN JUAN,1,1,3,4,5,0
201,772,0,1,0,1,1,6,14,18,1,1.5,0,700,3,LA RINCONADA,1,1,2,4,3,0
202,743,0,1,0,1,1,6,4,19,1,0.15,4,430,5,C16 LA NUEVA JUVENTUD,1,1,1,5,4,0
203,747,0,1,0,1,1,6,18,22,1,0.3,1,400,0,C16 LA NUEVA JUVENTUD,0,1,3,3,5,0
204,748,0,1,0,1,1,5,18,20,1,0.5,2,420,2,C16 LA NUEVA JUVENTUD,0,1,2,3,3,0
205,749,0,1,0,1,1,5,8,20,1,0.5,2,350,4,C16 LA NUEVA JUVENTUD,0,1,4,1,4,0
206,631,0,0,0,1,1,4,7,15,1,0.2,0,200,2,NADINE HEREDIA,0,1,3,1,3,0
207,632,0,0,0,1,1,7,5,22,2,2,0,250,0,NADINE HEREDIA,0,1,6,1,6,0
208,633,0,1,0,1,1,8,6,20,2,0,5,300,1,NADINE HEREDIA,0,1,6,1,6,0
209,634,0,0,0,1,1,5,6,17,1,2,8,250,0,NADINE HEREDIA,0,1,2,3,4,0
210,635,0,1,0,1,0,3,6,16,1,,,300,0,NADINE HEREDIA,0,1,1,2,0,0
211,636,0,0,0,1,0,8,6,18,1,1,1,250,0,NADINE HEREDIA,0,1,7,1,6,0
212,637,0,1,0,1,0,8,1,26,1,2,1,300,0,NADINE HEREDIA,1,1,5,3,6,0
213,114,0,1,0,1,0,5,18,27,1,0.5,0,650,2,LADERAS DE STA CRUZ,1,1,3,2,3,0
214,115,0,1,0,1,0,7,18,22,2,1,2,800,7,LADERAS DE STA CRUZ,1,1,1,3,2,0
215,116,0,1,0,1,0,4,18,28,1,0.5,2,650,2,LADERAS DE STA CRUZ,0,1,2,2,2,0
216,117,0,1,0,1,0,6,3,22,1,2,4,800,5,LADERAS DE STA CRUZ,1,1,4,1,3,0
217,118,0,1,0,1,0,3,18,22,1,0.5,0,300,2,LADERAS DE STA CRUZ,1,1,1,2,1,0
218,120,0,1,0,1,0,2,18,,,,,,2,LADERAS DE STA CRUZ,0,1,2,0,0,1
219,271,0,0,0,1,0,5,5,19,1,,,400,3,VISTA ALEGRE,1,1,3,2,2,0
220,272,0,1,0,0,0,4,3,22,1,,2,400,,VISTA ALEGRE,0,1,4,0,3,0
221,273,0,1,0,1,0,4,15,29,1,2,,400,1,VISTA ALEGRE,1,1,3,1,2,0
222,274,0,1,0,1,0,5,17,18,1,,,200,3,VISTA ALEGRE,1,1,3,3,2,1
223,275,0,1,0,1,0,6,7,18,1,,,200,3,VISTA ALEGRE,1,1,4,2,2,0
224,276,0,1,0,1,1,5,5,17,1,1,,300,3,VISTA ALEGRE,0,1,3,0,2,0
225,277,0,1,0,1,0,9,18,18,2,1.5,,650,0,VISTA ALEGRE,0,1,4,4,7,0
226,278,0,1,0,1,0,3,5,19,1,,,300,2,VISTA ALEGRE,1,1,2,2,2,0
227,132,0,0,0,1,1,5,1,17,3,2,0,600,1,MONTE DE ISRAEL,0,1,1,3,3,0
228,133,1,0,0,0,0,5,3,13,1,0,0,800,2,MONTE DE ISRAEL,1,1,1,4,3,0
229,134,1,0,0,1,0,3,0.3,14,1,0.4,0,500,0,MONTE DE ISRAEL,1,1,1,2,1,0
230,135,0,0,0,1,1,4,2,21,1,0.5,0,600,0,MONTE DE ISRAEL,0,1,3,1,3,0
231,136,0,0,0,0,0,1,,20,1,0.5,0,100,1,MONTE DE ISRAEL,0,1,1,0,0,0
232,148,0,1,0,1,0,6,12,20,1,1,1,1000,5,VILLA HORIZONTE,1,1,2,4,3,0
233,149,0,1,0,1,0,5,12,20,1,1.5,4,850,4,VILLA HORIZONTE,1,1,3,2,2,0
234,150,0,1,0,1,0,6,9,31,2,2,0,1000,3,VILLA HORIZONTE,1,1,1,4,2,0
235,151,0,1,0,1,0,2,15,16,,,,300,,VILLA HORIZONTE,1,1,1,1,0,0
236,152,0,1,0,1,0,5,13,19,1,2,2,600,2,VILLA HORIZONTE,0,1,4,1,3,1
237,153,0,1,0,1,1,4,6,17,1,0.4,2,,4,VILLA HORIZONTE,0,1,2,2,2,0
238,154,0,1,0,1,0,7,15,15,1,0.5,2,500,0,VILLA HORIZONTE,1,1,4,3,5,0
239,155,0,1,0,1,0,5,15,27,1,1.5,2,720,4,VILLA HORIZONTE,1,1,3,2,3,0
240,,0,1,0,0,0,5,6,29,2,2,,700,3,,,,,,,
241,71,0,1,0,1,1,5,20,19,2,2,2,850,5,SENOR DE QOYLLOR RITTY,1,1,1,4,2,0
242,72,0,1,1,1,1,6,4,18,2,2,1,700,3,SENOR DE QOYLLOR RITTY,1,1,4,3,3,0
243,73,1,1,0,1,1,5,18,17,7,2,22,500,2,SENOR DE QOYLLOR RITTY,1,1,4,1,2,0
244,74,1,1,0,1,1,6,4,18,1,0.5,,800,3,SENOR DE QOYLLOR RITTY,1,1,1,5,4,0
245,75,1,0,0,1,1,6,4,21,1,2,2,680,2,SENOR DE QOYLLOR RITTY,0,1,5,0,4,0
246,76,0,1,0,,,4,20,23,1,1,,450,2,SENOR DE QOYLLOR RITTY,1,1,3,1,2,0
247,77,0,1,1,1,,3,20,15,2,1,,400,1,SENOR DE QOYLLOR RITTY,0,1,1,0,0,0
248,79,0,1,0,1,0,4,24,20,1,1,,800,4,SENOR DE QOYLLOR RITTY,0,1,2,2,2,0
249,78,0,0,0,0,1,4,3,17,7,2,,500,2,SENOR DE QOYLLOR RITTY,1,1,3,1,2,0
250,279,1,1,0,1,0,4,9,19,1,1.5,1,300,1,BELLAVISTA 1,1,1,3,1,2,0
251,280,1,1,0,0,0,5,9,27,1,1,1,1000,2,BELLAVISTA 1,1,1,3,2,3,0
252,281,0,0,0,1,1,8,2,16,2,2,0,850,2,BELLAVISTA 1,1,1,3,5,5,0
253,282,0,1,0,0,1,4,10,20,1,0.5,,350,4,BELLAVISTA 1,0,1,2,0,0,0
254,283,0,1,0,1,1,5,8,15,1,0.5,,800,0,BELLAVISTA 1,1,1,4,1,3,0
255,56,0,0,0,1,1,6,17,20,1,1,,800,3,LAS TERRAZAS,0,1,6,0,4,0
256,57,0,0,0,1,1,2,17,33,1,1,,500,,LAS TERRAZAS,0,1,1,1,0,0
257,58,0,0,0,1,1,3,3,18,1,1,,500,,LAS TERRAZAS,0,1,3,1,3,0
258,59,0,0,0,1,0,8,10,20,2,,3,850,3,LAS TERRAZAS,1,1,4,4,4,0
259,60,0,0,0,1,0,5,17,23,1,1,3,850,2,LAS TERRAZAS,1,1,1,4,3,0
260,61,0,0,0,1,0,6,17,20,1,1,,850,,LAS TERRAZAS,1,1,5,1,2,0
261,62,0,0,0,1,0,3,17,25,2,1,,850,2,LAS TERRAZAS,1,1,1,3,0,0
262,63,0,0,0,1,0,6,17,18,1,,,,3,LAS TERRAZAS,0,1,6,0,3,1
263,64,0,0,0,1,1,5,17,18,1,1,,500,,LAS TERRAZAS,1,1,4,1,2,0
264,65,0,0,0,1,1,6,3,18,1,1,,950,1,LAS TERRAZAS,1,1,3,3,4,0
265,658,0,1,0,1,0,5,6,22,1,1,3,700,2,CRUZ DE MAYO,1,1,3,1,2,0
266,,0,1,0,1,0,4,25,18,1,1.5,1,850,2,,,,,,,
267,660,1,0,0,0,1,4,18,19,1,1.5,1,900,2,CRUZ DE MAYO,1,1,2,3,3,0
268,661,0,0,0,1,0,6,20,30,1,1,0,900,3,CRUZ DE MAYO,1,1,4,2,3,0
269,673,0,1,0,1,0,6,10,21,1,1,1,750,1,NUEVA GENERACION,1,1,4,2,4,0
270,66,0,1,0,1,1,6,12,21,1,1,1,1000,,LOS INDUSTRIALES,1,1,1,5,4,0
271,67,0,1,0,1,1,4,18,20,1,0.5,3,400,1,LOS INDUSTRIALES,0,1,3,1,3,0
272,68,0,0,0,1,,4,10,27,1,1.5,4,600,2,LOS INDUSTRIALES,1,0,1,3,2,0
273,69,0,0,0,1,1,6,4,18,1,,3,800,1,LOS INDUSTRIALES,1,1,3,3,4,0
274,143,0,1,0,1,0,5,5,24,1,1.5,1,800,0,LOS PEDREGALES 2000,1,1,2,3,1,0
275,144,0,1,0,1,0,4,2,22,1,1,,900,1,LOS PEDREGALES 2000,1,1,1,3,1,0
276,145,0,1,0,1,0,9,18,19,2,2,3,930,3,LOS PEDREGALES 2000,1,1,4,5,4,0
277,146,0,1,0,0,0,5,18,20,1,1,4,400,0,LOS PEDREGALES 2000,0,1,2,3,2,1
278,147,0,1,0,1,0,5,11,24,1,1.5,0,900,5,LOS PEDREGALES 2000,1,1,3,2,2,1
279,770,0,1,0,0,0,5,4,15,1,3,,500,,VIRGEN DEL CARMEN,1,1,3,2,3,0
280,777,0,1,0,1,0,4,6,18,1,,,400,,VIRGEN DEL CARMEN,0,1,2,2,2,0
281,779,0,1,0,1,0,3,6,18,1,2,,300,,VIRGEN DEL CARMEN,0,1,2,1,2,0
282,778,0,1,0,0,1,4,5,15,1,,,,,LAS PRADERAS,0,1,1,3,3,0
283,765,0,1,0,1,0,3,,22,,,,,,LAS PRADERAS,0,1,4,2,3,0
284,766,0,1,0,1,0,2,,,,,,,,LAS PRADERAS,1,1,1,1,0,0
285,767,0,1,0,1,0,4,6,15,1,2,,400,,LAS PRADERAS,0,1,4,0,2,0
286,768,0,1,0,1,0,5,7,17,1,1,,400,,LAS PRADERAS,0,1,3,2,3,0
287,769,0,1,0,1,0,5,6,16,1,2,3,500,,LAS PRADERAS,0,1,3,2,4,0
288,80,0,1,0,1,,1,18,18,1,0.5,,300,1,PORTADA DEL SOL,0,1,1,0,0,0
289,81,0,0,0,1,0,6,18,,2,0.75,3,800,,PORTADA DEL SOL,1,1,2,2,2,0
290,82,1,1,0,,1,5,18,,1,0.75,1,520,2,PORTADA DEL SOL,0,1,3,2,3,0
291,83,0,1,0,1,0,3,18,20,1,2,4,680,3,PORTADA DEL SOL,0,1,3,0,1,1
292,84,0,0,0,1,0,5,2,,1,1,,750,4,PORTADA DEL SOL,0,1,1,1,1,0
293,85,0,1,0,1,1,3,18,,1,1,2,850,,PORTADA DEL SOL,0,1,2,1,2,0
294,86,0,0,0,1,0,3,18,20,1,1.5,2,,3,PORTADA DEL SOL,0,1,2,1,1,0
295,87,0,0,0,1,1,5,18,15,1,1,3,700,2,PORTADA DEL SOL,1,1,3,2,3,0
296,638,0,0,0,1,0,4,15,22,1,,3,,0,GARDENIAS,0,1,3,1,3,0
297,639,1,1,0,1,1,4,19,30,1,1.5,0,500,3,GARDENIAS,0,1,2,2,3,0
298,640,0,1,0,1,1,5,13,20,1,2,1,400,,GARDENIAS,0,1,3,2,3,0
299,641,0,1,0,1,0,4,13,21,1,1.5,2,250,2,GARDENIAS,0,1,3,1,3,0
300,642,0,1,0,1,0,6,13,21,1,0,0,200,4,GARDENIAS,0,1,3,3,5,0
301,644,0,1,0,1,0,2,18,28,1,,,,,GARDENIAS,1,1,,,,
302,645,0,1,0,1,0,4,10,15,1,2,1,200,2,GARDENIAS,0,1,2,2,2,0
303,646,,1,0,1,1,4,16,17,2,2,3,400,2,GARDENIAS,0,1,3,2,3,0
304,667,0,1,0,1,0,7,14,24,1,0.7,1,950,2,EL PORUENIR,1,1,3,4,5,0
305,668,0,1,0,1,0,6,18,16,1,1.5,0,1000,2,EL PORUENIR,0,1,3,3,5,0
306,669,0,1,0,1,1,7,17,18,1,0.5,0,800,1,EL PORUENIR,0,1,4,2,5,0
307,215,0,1,0,1,1,5,10,22,1,0,1,750,4,NUEVO MILENIO,1,1,3,2,2,1
308,216,0,1,0,1,1,5,15,25,2,2,1,800,2,NUEVO MILENIO,1,1,3,2,3,0
309,217,0,1,0,1,1,4,4,16,1,0.2,1,700,1,NUEVO MILENIO,0,1,3,1,3,0
310,218,0,1,0,1,0,4,11,21,2,0.3,,800,3,NUEVO MILENIO,1,1,2,2,2,0
311,220,0,1,0,1,0,7,18,15,1,0.5,2,750,2,NUEVO MILENIO,1,1,5,2,4,0
312,221,0,1,0,1,1,5,9,23,2,0.5,5,400,2,NUEVO MILENIO,1,1,2,3,3,0
313,222,0,1,0,1,0,7,17,18,1,0.5,2,600,2,NUEVO MILENIO,1,1,4,3,5,0
314,223,0,1,0,1,0,3,7,22,1,0.5,1,400,1,NUEVO MILENIO,0,1,3,0,2,0
315,224,0,1,0,1,1,7,18,20,1,0.5,,,4,NUEVO MILENIO,1,1,4,3,5,0
316,294,0,1,0,1,1,5,18,26,1,1,1,500,5,VILLA SAN JUAN II,1,1,1,3,2,0
317,295,0,1,0,1,1,5,18,22,1,1.5,2,400,5,VILLA SAN JUAN II,0,1,2,2,3,0
318,296,0,1,0,1,1,3,18,16,2,2,1,400,1,VILLA SAN JUAN II,0,1,2,1,1,0
319,297,0,,0,1,0,6,10,28,2,1,2,700,2,VILLA SAN JUAN II,0,1,2,1,1,0
320,298,0,1,0,1,1,3,18,25,1,1,3,400,2,VILLA SAN JUAN II,0,1,1,2,2,0
321,299,0,1,0,1,1,4,17,26,2,1,2,450,0,VILLA SAN JUAN II,0,1,2,2,3,0
322,88,0,1,0,1,0,5,18,23,1,0.1,3,100,5,GIRASOLES ALTO,0,1,4,1,2,0
323,89,0,0,0,1,1,6,18,36,1,2,3,600,4,GIRASOLES ALTO,0,1,2,0,1,0
324,90,0,0,0,0,1,8,18,17,1,2,2,1000,2,GIRASOLES ALTO,1,1,4,2,4,0
325,91,0,0,0,1,0,4,12,25,1,0.5,1,600,2,GIRASOLES ALTO,1,1,2,2,2,0
326,92,0,0,0,1,0,5,10,22,1,1.5,2,500,5,GIRASOLES ALTO,1,1,2,3,3,0
327,93,0,1,0,1,0,5,1,23,1,1.5,1,700,3,GIRASOLES ALTO,1,1,3,2,2,0
328,254,0,1,0,1,0,5,18,20,2,,2,700,3,STA ROSA AUTOGESTIONARIA,1,1,2,2,2,0
329,255,0,1,0,0,0,0,8,29,1,1.5,0,450,1,STA ROSA AUTOGESTIONARIA,0,1,2,2,2,0
330,256,0,0,0,1,1,5,18,20,2,1,0,700,0,STA ROSA AUTOGESTIONARIA,0,1,2,2,3,0
331,257,0,1,0,1,1,6,18,22,1,1,4,700,1,STA ROSA AUTOGESTIONARIA,1,1,3,3,3,1
332,771,0,0,0,0,1,5,30,18,1,0.5,0,90,0,MARIA ARGUEDAS,0,1,,,,
333,773,0,1,0,1,1,5,1,19,1,1,,,,TIHUINSA,1,1,2,3,3,0
334,774,0,0,0,1,1,6,18,15,2,1,3,600,3,AMPLIACION 8B,1,1,4,2,3,0
335,653,0,1,0,1,1,5,6,27,1,1,1,1000,1,NUEVA JERUSALEN,1,1,4,1,3,0
336,654,0,1,0,0,0,4,17,18,2,1,0,800,0,NUEVA JERUSALEN,0,1,1,1,0,0
337,655,0,0,0,1,,3,17,19,1,,,850,3,NUEVA JERUSALEN,0,1,2,1,0,0
338,656,0,0,0,1,0,2,18,25,1,1,,,2,NUEVA JERUSALEN,1,1,1,2,1,0
339,657,0,1,0,1,0,5,14,20,1,0,0,0,2,NUEVA JERUSALEN,1,1,1,2,1,0
340,284,0,1,0,1,0,5,19,20,1,0.5,0,850,0,LAS TORRES,1,1,2,3,3,0
341,285,0,0,0,0,0,7,19,18,1,1.5,1,850,1,LAS TORRES,1,1,2,3,3,0
342,286,0,0,0,1,0,8,8,18,1,1,1,800,1,LAS TORRES,1,1,4,1,3,0
343,287,0,0,0,1,0,5,19,24,1,0.5,0,850,2,LAS TORRES,1,1,2,4,4,0
344,288,0,1,0,1,0,6,19,18,1,0.3,0,800,6,LAS TORRES,1,1,2,3,3,0
345,289,1,1,0,1,0,2,4,17,1,1.5,0,600,0,LAS TORRES,0,1,1,1,1,0
346,290,1,0,0,1,0,10,19,20,2,1,0,800,0,VILLA VICENCIO,1,1,3,2,3,0
347,291,1,1,0,1,0,6,4,25,1,1,0,850,2,LAS TORRES,1,1,3,2,3,0
348,292,0,0,0,1,0,4,5,20,1,0.5,0,700,3,LAS TORRES,1,1,3,1,2,0
349,293,1,0,0,1,1,7,6,18,1,1.5,0,930,4,LAS TORRES,1,1,4,2,4,0
350,624,0,1,0,1,0,6,35,20,1,0.5,0,400,6,EL NAZARENO,0,1,3,0,2,0
351,625,0,1,0,1,0,8,35,15,1,0.5,,200,8,EL NAZARENO,0,1,2,4,5,0
352,626,0,1,0,1,0,8,35,20,1,0.5,,400,8,EL NAZARENO,0,1,3,2,4,0
353,627,0,1,0,1,0,7,35,18,5,3,0,450,7,EL NAZARENO,0,1,4,2,5,0
354,628,0,1,0,1,0,3,35,20,1,0.5,,200,3,EL NAZARENO,0,1,1,2,2,0
355,629,0,1,0,1,0,13,35,18,1,1,,250,9,EL NAZARENO,0,1,4,3,6,0
356,630,0,1,0,1,0,10,35,21,1,2,,300,10,EL NAZARENO,0,1,4,2,5,0
357,320,0,0,0,1,0,4,2,34,1,2,3,750,3,LAS ROCAS,0,1,3,1,1,0
358,321,0,0,0,1,0,4,1,22,1,2,,380,1,LAS ROCAS,1,1,1,3,2,0
359,322,0,0,1,1,0,7,5,18,1,1,3,800,3,LAS ROCAS,1,1,3,3,4,0
360,323,0,0,0,1,0,2,2,3,1,2,,750,1,LAS ROCAS,0,1,1,1,1,0
361,324,0,0,0,1,0,3,5,38,1,3,4,450,3,LAS ROCAS,1,1,1,2,1,0
362,325,0,0,0,1,0,4,6,20,1,3,2,600,2,LAS ROCAS,1,1,1,3,2,0
363,326,0,0,0,1,0,6,7,19,1,2,4,800,3,LAS ROCAS,1,1,3,2,3,0
364,732,0,1,1,0,1,13,18,18,4,0.75,1,1500,3,7 DE ENERO,1,1,8,2,7,0
365,733,0,0,0,1,1,5,10,20,1,0.75,2,800,5,7 DE ENERO,1,1,3,2,3,0
366,734,1,1,0,1,1,9,18,15,2,,1,1300,4,7 DE ENERO,1,1,4,5,7,0
367,735,0,1,0,1,1,5,18,24,1,,1,900,2,7 DE ENERO,1,1,2,3,3,0
368,736,0,1,0,1,1,9,10,22,1,0.75,1,850,4,7 DE ENERO,0,1,3,3,4,0
369,46,0,0,0,1,1,3,18,20,1,1,2,850,1,VILLA SOL ALTA,0,1,2,0,1,0
370,47,0,0,0,1,1,3,18,17,1,1,0,640,2,VILLA SOL ALTA,0,1,2,0,0,1
371,48,1,0,0,1,0,6,18,21,3,2,0,1000,4,VILLA SOL ALTA,1,1,1,2,1,0
372,49,0,0,0,1,0,2,18,21,1,2,0,850,2,VILLA SOL ALTA,0,1,2,0,1,0
373,50,0,0,0,1,1,3,18,25,2,,,600,3,VILLA SOL ALTA,1,0,1,2,0,0
374,51,0,0,0,1,,1,10,,1,2,,600,1,VILLA SOL ALTA,1,0,0,1,0,0
375,52,0,0,0,1,0,7,15,14,2,1,0,1000,4,VILLA SOL ALTA,0,1,2,4,5,0
376,53,0,0,0,1,0,3,15,20,1,2,0,850,3,VILLA SOL ALTA,0,1,1,2,1,0
377,54,0,0,0,1,0,3,18,22,1,1,0,600,3,VILLA SOL ALTA,0,1,2,1,2,0
378,55,0,0,0,1,0,5,18,22,1,2,0,800,5,VILLA SOL ALTA,0,1,2,3,4,0
379,611,0,0,0,1,1,5,18,20,1,2,1,200,1,UNION SANTA FE,0,1,2,3,4,0
380,612,0,0,0,1,0,3,19,25,1,2,2,450,1,UNION SANTA FE,0,1,3,1,2,0
381,613,0,1,0,1,1,6,19,22,1,2,1,500,1,PARCELA 23A,1,1,3,3,4,0
382,614,0,1,0,1,1,6,18,,1,1,0,400,,UNION SANTA FE,1,0,1,4,4,0
383,26,0,1,0,1,1,4,9,21,1,0.3,,600,2,PARCELA 23A,0,1,3,1,2,0
384,27,0,1,0,1,1,5,8,22,1,1,,800,1,PARCELA 23A,1,1,3,2,2,1
385,28,0,1,0,1,1,5,1,28,1,0.5,,400,,PARCELA 23A,1,1,4,1,3,0
386,29,0,1,0,1,0,6,8,34,3,,,900,1,PARCELA 23A,1,1,2,4,3,0
387,30,0,1,0,0,1,10,10,22,2,,,900,8,PARCELA 23A,1,1,2,5,5,0
388,31,0,1,0,1,1,5,22,20,1,1,2,90,2,PARCELA 23A,0,1,2,1,2,0
389,264,0,0,0,0,0,3,20,18,0,,,250,2,LAS AMERICAS,1,1,1,2,1,0
390,265,0,0,0,1,0,6,20,19,1,,,500,6,LAS AMERICAS,1,1,3,2,3,0
391,266,0,0,0,0,0,2,10,18,0,,,0,,LAS AMERICAS,0,1,2,0,0,0
392,267,0,0,0,1,0,7,12,26,1,,,800,0,LAS AMERICAS,1,1,2,5,5,0
393,268,0,0,0,0,0,2,20,15,1,0.2,,400,2,LAS AMERICAS,0,1,2,0,1,0
394,269,0,0,0,0,0,2,20,18,1,,,600,,LAS AMERICAS,0,1,2,0,0,0
395,270,0,0,0,0,0,1,20,18,,,,250,,LAS AMERICAS,0,1,1,0,0,0
396,184,0,0,0,1,1,6,18,24,1,0,8,200,4,COMEDOR: CRUZ DE MOTUPE,0,1,4,0,3,0
397,185,0,0,0,1,1,4,12,20,1,0,4,180,2,COMEDOR: CRUZ DE MOTUPE,1,1,2,2,2,0
398,186,0,0,0,1,0,7,28,19,2,2,3,0,5,COMEDOR: CRUZ DE MOTUPE,1,1,3,2,2,0
399,187,0,1,0,1,1,7,22,24,1,1,3,250,5,COMEDOR: CRUZ DE MOTUPE,1,1,1,4,2,0
400,188,1,0,0,1,0,5,3,18,1,0,0,500,4,COMEDOR: CRUZ DE MOTUPE,1,1,3,2,3,0
401,137,0,1,0,1,1,6,18,22,2,1.5,,600,,SENOR DE LOS MILAGROS,1,1,5,1,3,0
402,138,0,1,0,1,0,8,6,20,3,,,750,2,SENOR DE LOS MILAGROS,1,1,2,4,4,0
403,139,0,1,0,1,1,3,18,32,1,2,,400,2,SENOR DE LOS MILAGROS,0,1,2,1,2,0
404,140,0,1,0,1,1,5,18,18,1,1.5,3,470,1,SENOR DE LOS MILAGROS,0,1,3,2,3,0
405,141,,1,0,1,0,3,18,18,2,,,,,SENOR DE LOS MILAGROS,0,1,3,0,2,0
406,142,0,1,0,1,0,5,8,,,,,,,SENOR DE LOS MILAGROS,1,1,3,2,3,0
407,104,0,0,0,1,,3,20,15,1,1.5,,250,,NUEVA GENERACION,0,1,2,2,0,0
408,105,1,1,0,1,0,6,20,18,1,0,,800,4,NUEVA GENERACION,0,1,1,2,1,0
409,106,1,1,0,1,0,5,9,15,3,0,2,700,4,NUEVA GENERACION,0,1,2,1,2,0
410,107,1,1,0,1,0,7,8,35,1,0.5,,800,1,NUEVA GENERACION,1,1,4,3,4,1
411,156,0,1,0,1,0,6,18,17,1,1,3,800,0,GIRASOLES PARTE BAJA,0,1,5,1,5,0
412,157,0,0,0,1,1,6,18,20,1,0,2,600,0,GIRASOLES PARTE BAJA,1,1,2,4,4,0
413,158,0,1,0,1,0,5,12,20,1,1,0,930,4,GIRASOLES PARTE BAJA,1,1,1,1,0,0
414,159,0,1,0,1,0,3,6,18,1,1,0,500,0,GIRASOLES PARTE BAJA,0,1,1,2,2,0
415,160,0,1,0,1,0,5,18,19,1,0,2,700,0,GIRASOLES PARTE BAJA,1,1,3,2,3,0
416,161,0,1,0,1,0,6,15,17,1,,3,850,3,GIRASOLES PARTE BAJA,1,1,3,3,3,0
417,162,0,1,0,1,0,5,15,20,0,,2,600,3,GIRASOLES PARTE BAJA,0,1,4,1,4,0
418,163,0,1,0,1,1,3,7,28,1,0.4,2,600,2,GIRASOLES PARTE BAJA,0,1,1,2,2,0
419,258,0,1,0,1,0,5,18,22,1,1,6,600,2,LAS VIOLETAS,1,1,4,1,3,0
420,259,0,1,0,1,0,5,9,16,1,0.6,6,600,0,LAS VIOLETAS,1,1,3,2,3,0
421,260,0,1,0,1,0,9,19,18,1,0.7,,800,0,LAS VIOLETAS,1,1,2,1,1,0
422,261,,1,0,1,0,9,25,10,2,2,3,1000,2,LAS VIOLETAS,1,1,2,2,2,0
423,262,0,1,0,1,0,2,13,25,1,1,7,800,0,LAS VIOLETAS,1,0,0,2,1,0
424,263,0,1,0,1,0,3,18,18,1,1,3,50,3,LAS VIOLETAS,0,1,1,0,0,0
425,760,0,0,0,1,0,5,10,18,1,1,0,850,5,EL TREBOL SANTA TERESITA NIÃŒÃ”O JESUS,1,0,4,1,4,0
426,761,0,0,0,1,1,4,11,16,1,1,0,850,4,EL TREBOL SANTA TERESITA NIÃŒÃ”O JESUS,1,0,1,3,3,0
427,762,,1,0,1,0,6,20,18,1,1,1,950,6,EL TREBOL SANTA TERESITA NIÃŒÃ”O JESUS,1,1,1,6,4,1
428,763,0,0,0,1,0,4,12,19,1,2,0,850,4,EL TREBOL SANTA TERESITA NIÃŒÃ”O JESUS,0,1,2,2,3,0
429,764,0,0,0,1,0,5,10,19,1,1,0,850,5,EL TREBOL SANTA TERESITA NIÃŒÃ”O JESUS,1,1,4,1,3,0
430,715,0,0,0,1,0,5,3,19,2,1,0,950,3,LAS MORAS ZONAC,1,1,2,3,2,0
431,716,0,0,0,1,1,5,6,19,1,0.6,0,930,3,LAS MORAS ZONAC,1,1,3,2,2,0
432,717,0,0,0,1,1,5,13,29,1,1,1,980,2,LAS MORAS ZONAC,1,1,3,2,3,0
433,718,0,1,0,1,1,6,10,23,1,1,0,800,1,LAS MORAS ZONAC,0,1,2,4,5,0
434,719,0,1,0,1,0,6,8,16,2,1,0,900,3,LAS MORAS ZONAC,0,1,2,2,3,0
435,720,0,1,0,1,1,4,2,15,1,0.4,0,500,2,LOS VENCEDORES DE LA RINCONADA,0,1,2,2,3,0
436,721,0,1,0,1,1,7,3,18,1,1.75,0,850,4,LOS VENCEDORES DE LA RINCONADA,0,1,3,3,5,0
437,722,0,1,0,1,1,7,4,26,1,1,0,850,5,LOS VENCEDORES DE LA RINCONADA,0,1,6,0,5,0
438,723,0,1,0,1,0,6,3,15,1,2,0,750,1,LOS VENCEDORES DE LA RINCONADA,1,1,4,2,4,0
439,724,0,1,0,1,1,6,5,22,1,0.5,0,480,3,LOS VENCEDORES DE LA RINCONADA,1,1,3,2,3,0
440,197,0,1,0,1,1,5,2,23,1,0.75,2,480,2,LA RINCONADA,0,1,3,3,3,2
441,198,0,1,0,1,1,5,22,19,1,1.5,3,50,2,LA RINCONADA,0,1,4,1,4,0
442,199,0,1,0,1,0,4,25,33,1,1,1,600,2,LA RINCONADA,0,1,3,2,3,1
443,200,0,1,0,1,1,6,3,26,7,1.5,2,520,2,LA RINCONADA,1,1,3,3,3,1
444,201,0,1,0,1,1,4,30,20,1,0.5,1,60,4,LA RINCONADA,0,1,2,2,2,0
445,686,1,1,0,1,0,5,35,27,2,,,,,REPUBLICA DEMOCRATICA ALEMANA,1,1,2,3,2,0
446,683,1,1,0,0,1,4,,,,,,,,REPUBLICA DEMOCRATICA ALEMANA,0,1,1,3,2,0
447,685,1,1,0,0,0,3,,,,,,,,REPUBLICA DEMOCRATICA ALEMANA,0,1,2,0,1,0
448,684,1,1,0,1,0,5,,,,,,,,JAVIER HERAU,0,1,2,2,2,0
449,674,0,0,0,1,0,5,35,32,1,,0,475,5,PAMPAS DE SAN JUAN,1,1,2,2,1,0
450,675,0,0,0,1,1,10,35,17,2,,2,900,0,PAMPAS DE SAN JUAN,1,1,3,3,4,0
451,676,0,0,0,1,0,8,25,18,2,0,8,1000,4,PAMPAS DE SAN JUAN,0,1,2,3,4,0
452,677,0,0,0,1,0,7,36,27,1,,,860,6,PAMPAS DE SAN JUAN,0,1,2,1,2,0
453,609,0,,0,1,,4,31,16,1,1,3,930,1,MANUEL SCORZA,1,1,2,1,1,0
454,608,0,,0,1,0,3,15,21,1,1,,930,1,MANUEL SCORZA,1,1,1,2,1,0
455,607,0,,0,1,0,3,30,18,1,1,,930,3,MANUEL SCORZA,0,1,3,0,1,1
456,606,0,,0,1,0,3,7,23,1,0.65,,930,2,MANUEL SCORZA,1,1,1,2,1,0
457,610,0,,0,1,,3,29,,1,2,,,2,MANUEL SCORZA,1,1,1,2,0,0
458,363,0,0,0,1,1,4,5,30,1,2,3,350,2,URANMARCA,0,1,1,3,1,0
459,364,0,0,0,1,1,8,7,18,1,2,0,500,3,URANMARCA,0,1,3,2,3,0
460,365,0,0,0,1,1,2,4,20,1,1,0,450,1,URANMARCA,0,1,2,0,1,0
461,366,0,0,0,1,1,3,3,22,1,2,2,280,2,URANMARCA,0,1,1,2,2,0
462,367,0,0,0,1,1,3,4,28,1,0.5,0,100,3,URANMARCA,0,1,2,1,0,1
463,368,0,0,0,1,1,6,10,18,1,2,0,400,0,URANMARCA,0,1,3,0,2,0
464,369,0,0,0,1,1,5,4,17,1,2,0,300,2,URANMARCA,0,1,2,3,3,0
465,384,0,1,0,1,0,7,5,,1,1,,600,5,URANMARCA,0,1,2,2,0,1
466,383,0,1,0,1,0,9,35,22,2,,0,750,1,SANTA URSULA,1,1,5,2,2,0
467,382,0,0,0,0,0,6,22,17,,,,,,SANTA URSULA,0,1,2,2,3,0
468,381,0,0,0,1,0,3,30,19,1,,,600,2,SANTA URSULA,1,1,2,2,1,0
469,380,0,0,,1,1,3,8,24,1,0.65,0,450,3,SANTA URSULA,0,1,2,0,1,0
470,616,0,,0,1,0,4,30,35,2,0.65,4,950,4,PROGRAMA MUNICIPAL DE V. UNICA,0,1,1,0,0,0
471,615,0,,0,1,0,5,18,21,1,1,,950,5,PROGRAMA MUNICIPAL DE V. UNICA,0,1,1,0,0,0
472,617,0,,0,1,,5,18,45,1,0,0,930,0,PROGRAMA MUNICIPAL DE V. UNICA,0,1,1,0,0,0
473,678,0,1,0,1,0,7,33,30,1,0.1,1,600,1,REPUBLICA DEMOCRATICA ALEMANA,1,1,3,5,4,0
474,679,0,1,0,1,0,7,20,34,1,1,,700,1,REPUBLICA DEMOCRATICA ALEMANA,0,1,4,3,4,0
475,680,0,1,0,1,0,6,7,22,1,1,0,700,1,REPUBLICA DEMOCRATICA ALEMANA,1,1,3,3,4,0
476,681,0,1,0,1,0,6,20,22,1,0.65,0,500,3,REPUBLICA DEMOCRATICA ALEMANA,1,1,4,2,3,0
477,682,0,1,0,1,0,8,30,20,1,0.1,1,500,1,REPUBLICA DEMOCRATICA ALEMANA,0,1,5,3,5,0
478,390,0,1,0,1,0,4,1,18,1,1,1,600,4,PROGRAMA MUNICIPAL DE V. UNICA,0,1,2,2,3,0
479,391,0,1,0,1,0,5,30,32,1,2,1,950,5,PROGRAMA MUNICIPAL DE V. UNICA,1,0,2,3,3,0
480,392,0,1,0,1,0,6,2,22,1,1,4,800,6,PROGRAMA MUNICIPAL DE V. UNICA,1,1,1,5,4,0
481,393,0,1,0,1,0,6,14,24,1,1,1,950,2,PROGRAMA MUNICIPAL DE V. UNICA,1,1,3,3,4,0
482,394,0,1,0,1,0,8,3,23,1,3,1,1000,5,PROGRAMA MUNICIPAL DE V. UNICA,1,0,5,2,5,0
483,395,0,1,0,1,0,6,34,20,1,2,1,600,2,PROGRAMA MUNICIPAL DE V. UNICA,0,1,2,2,3,0
484,396,0,1,0,1,0,5,7,22,1,2,1,800,2,PROGRAMA MUNICIPAL DE V. UNICA,1,1,3,2,3,0
485,346,0,1,0,1,0,6,3,16,1,0.2,0,1000,5,LOS PORTALES,1,1,3,3,3,0
486,347,0,0,0,1,0,8,15,17,3,,,1250,8,LOS PORTALES,0,1,2,1,2,0
487,348,0,1,0,1,0,4,28,21,1,1.5,0,780,0,LOS PORTALES,1,1,2,3,1,0
488,349,0,0,0,1,0,8,25,17,1,,0,,6,LOS PORTALES,0,1,4,2,3,2
489,350,0,1,0,1,0,5,30,24,1,2,0,,5,LOS PORTALES,1,1,3,2,2,0
490,351,0,1,0,0,0,3,4,20,1,1,0,850,0,LOS PORTALES,0,1,2,0,1,0
491,352,0,1,0,1,0,5,30,23,1,,0,500,5,LOS PORTALES,1,1,1,1,0,0
492,601,0,1,0,1,0,7,32,31,2,1,2,700,5,LADREAS DE VILLA,1,1,3,2,3,0
493,602,0,1,0,1,1,6,13,13,1,1,2,800,5,LADREAS DE VILLA,0,1,5,1,5,0
494,603,0,1,0,1,1,6,28,26,2,3,2,600,6,LADREAS DE VILLA,1,1,3,3,2,1
495,604,0,1,0,1,1,8,35,15,2,0.5,1,600,8,LADREAS DE VILLA,1,1,5,2,5,0
496,605,0,1,0,1,1,5,28,21,2,1,2,280,5,LADREAS DE VILLA,1,1,1,5,3,0
497,353,0,1,0,1,0,8,6,16,1,,3,,6,LAS TORRES,1,1,3,3,4,0
498,354,0,1,0,1,0,4,3,23,1,,,,1,REPUBLICA AMPLEACION ALEMANA,1,1,1,3,2,0
499,355,0,1,0,1,0,3,20,21,1,,,200,3,LAS TORRES,0,1,2,0,0,0
500,356,0,1,0,1,0,1,20,20,,,,,1,LAS TORRES,0,1,1,0,0,0
501,357,0,1,0,1,0,4,9,20,1,,1,,,MANUEL SCORZA,1,1,2,2,2,0
502,358,0,1,0,1,0,5,13,21,1,,2,,2,REPUBLICA AMPLEACION ALEMANA,1,1,3,2,3,0
503,359,0,1,0,1,0,5,20,20,1,,2,,2,REPUBLICA AMPLEACION ALEMANA,1,1,1,6,4,0
504,360,0,1,0,1,0,6,28,20,1,,1.2,,4,LAS TORRES,1,1,1,5,4,0